Entity,Code,Year,"Nurses and midwives (per 1,000 people)"
Afghanistan,AFG,2005,0.612
Afghanistan,AFG,2006,0.457
Afghanistan,AFG,2007,0.519
Afghanistan,AFG,2008,0.521
Afghanistan,AFG,2009,0.63
Afghanistan,AFG,2013,0.255
Afghanistan,AFG,2014,0.151
Afghanistan,AFG,2015,0.133
Afghanistan,AFG,2016,0.151
Afghanistan,AFG,2017,0.179
Afghanistan,AFG,2018,0.452
Albania,ALB,1990,4.487
Albania,ALB,1993,4.791
Albania,ALB,1994,4.921
Albania,ALB,1995,4.359
Albania,ALB,1996,4.367
Albania,ALB,1997,4.39
Albania,ALB,1998,3.939
Albania,ALB,1999,3.968
Albania,ALB,2000,3.95
Albania,ALB,2001,3.803
Albania,ALB,2002,3.672
Albania,ALB,2003,3.633
Albania,ALB,2004,3.636
Albania,ALB,2005,3.672
Albania,ALB,2006,4.244
Albania,ALB,2007,4.283
Albania,ALB,2009,4.25
Albania,ALB,2010,4.066
Albania,ALB,2011,4.216
Albania,ALB,2012,4.453
Albania,ALB,2013,4.314
Albania,ALB,2016,3.656
Albania,ALB,2019,5.1
Albania,ALB,2020,5.831
Algeria,DZA,2002,2.206
Algeria,DZA,2007,1.94
Algeria,DZA,2016,2.255
Algeria,DZA,2017,2.237
Algeria,DZA,2018,1.559
Algeria,DZA,2019,0.316
Andorra,AND,1995,2.496
Andorra,AND,1997,2.689
Andorra,AND,1998,2.868
Andorra,AND,1999,3.105
Andorra,AND,2000,3.283
Andorra,AND,2001,3.156
Andorra,AND,2002,3.093
Andorra,AND,2003,2.909
Andorra,AND,2004,2.887
Andorra,AND,2005,3.333
Andorra,AND,2006,3.229
Andorra,AND,2007,3.581
Andorra,AND,2009,4.208
Andorra,AND,2015,4.365
Angola,AGO,1997,0.916
Angola,AGO,2004,0.985
Angola,AGO,2009,1.315
Angola,AGO,2018,0.401
Angola,AGO,2022,1.265
Antigua and Barbuda,ATG,1999,3.157
Antigua and Barbuda,ATG,2007,3.378
Antigua and Barbuda,ATG,2013,4.757
Antigua and Barbuda,ATG,2014,4.866
Antigua and Barbuda,ATG,2015,4.694
Antigua and Barbuda,ATG,2016,4.68
Antigua and Barbuda,ATG,2017,4.709
Antigua and Barbuda,ATG,2018,4.749
Antigua and Barbuda,ATG,2019,9.577
Argentina,ARG,1992,2.056
Argentina,ARG,1994,2.146
Argentina,ARG,1998,0.8
Argentina,ARG,2001,0.4453
Argentina,ARG,2004,0.4854
Argentina,ARG,2013,4.2463
Argentina,ARG,2016,2.573
Argentina,ARG,2017,2.593
Argentina,ARG,2020,5.447
Argentina,ARG,2022,4.354
Armenia,ARM,2000,5.725
Armenia,ARM,2001,5.309
Armenia,ARM,2002,5.012
Armenia,ARM,2003,4.832
Armenia,ARM,2004,4.758
Armenia,ARM,2005,4.881
Armenia,ARM,2006,4.997
Armenia,ARM,2007,5.019
Armenia,ARM,2008,5.066
Armenia,ARM,2009,5.047
Armenia,ARM,2010,5.117
Armenia,ARM,2011,5.204
Armenia,ARM,2012,5.234
Armenia,ARM,2013,5.194
Armenia,ARM,2014,5.195
Armenia,ARM,2015,5.034
Armenia,ARM,2016,5.049
Armenia,ARM,2017,5.006
Armenia,ARM,2018,4.726
Armenia,ARM,2019,4.826
Australia,AUS,1990,11.64
Australia,AUS,1991,12.09
Australia,AUS,1992,11.58
Australia,AUS,1993,11.1
Australia,AUS,1994,11.5
Australia,AUS,1995,10.84
Australia,AUS,1996,11.44
Australia,AUS,1997,10.42
Australia,AUS,1998,10.3
Australia,AUS,1999,10.18
Australia,AUS,2000,10.07
Australia,AUS,2001,10.57
Australia,AUS,2002,9.954
Australia,AUS,2003,9.949
Australia,AUS,2004,10.21
Australia,AUS,2005,9.766
Australia,AUS,2007,10.2
Australia,AUS,2008,10.3
Australia,AUS,2009,10.79
Australia,AUS,2010,10.47
Australia,AUS,2011,10.9
Australia,AUS,2012,10.22
Australia,AUS,2013,12.01
Australia,AUS,2014,12.18
Australia,AUS,2015,12.26
Australia,AUS,2016,12.44
Australia,AUS,2017,12.76
Australia,AUS,2018,12.98
Australia,AUS,2019,13.26
Australia,AUS,2020,13.29
Australia,AUS,2021,13.71
Austria,AUT,1990,4.049
Austria,AUT,1991,4.165
Austria,AUT,1992,4.346
Austria,AUT,1993,4.595
Austria,AUT,1994,4.922
Austria,AUT,1995,5.129
Austria,AUT,1996,5.248
Austria,AUT,1997,5.374
Austria,AUT,1998,5.46
Austria,AUT,1999,5.61
Austria,AUT,2000,5.736
Austria,AUT,2001,5.783
Austria,AUT,2002,5.883
Austria,AUT,2003,5.889
Austria,AUT,2004,6.13
Austria,AUT,2005,6.199
Austria,AUT,2006,6.355
Austria,AUT,2007,6.427
Austria,AUT,2008,6.579
Austria,AUT,2009,6.697
Austria,AUT,2010,6.759
Austria,AUT,2011,6.857
Austria,AUT,2012,6.888
Austria,AUT,2013,6.936
Austria,AUT,2014,7.037
Austria,AUT,2015,7.043
Austria,AUT,2016,7.027
Austria,AUT,2017,7.108
Austria,AUT,2018,7.13
Austria,AUT,2019,10.66
Austria,AUT,2020,10.77
Austria,AUT,2021,10.93
Azerbaijan,AZE,1990,10.9
Azerbaijan,AZE,1991,11.01
Azerbaijan,AZE,1992,10.62
Azerbaijan,AZE,1993,10.69
Azerbaijan,AZE,1994,10.36
Azerbaijan,AZE,1995,10.01
Azerbaijan,AZE,1996,9.75
Azerbaijan,AZE,1997,9.325
Azerbaijan,AZE,1998,8.924
Azerbaijan,AZE,1999,8.828
Azerbaijan,AZE,2000,8.59
Azerbaijan,AZE,2001,8.463
Azerbaijan,AZE,2002,8.258
Azerbaijan,AZE,2003,8.193
Azerbaijan,AZE,2004,8.089
Azerbaijan,AZE,2005,8.13
Azerbaijan,AZE,2006,8.132
Azerbaijan,AZE,2007,8.091
Azerbaijan,AZE,2008,8
Azerbaijan,AZE,2009,7.934
Azerbaijan,AZE,2010,7.188
Azerbaijan,AZE,2011,6.801
Azerbaijan,AZE,2012,6.642
Azerbaijan,AZE,2013,6.484
Azerbaijan,AZE,2014,6.278
Azerbaijan,AZE,2015,6.08
Azerbaijan,AZE,2016,5.896
Azerbaijan,AZE,2017,5.654
Azerbaijan,AZE,2018,5.732
Azerbaijan,AZE,2019,5.843
Azerbaijan,AZE,2020,5.719
Bahamas,BHS,1998,4.195
Bahamas,BHS,2008,3.834
Bahamas,BHS,2011,3.857
Bahamas,BHS,2018,4.382
Bahrain,BHR,2000,2.785
Bahrain,BHR,2001,2.966
Bahrain,BHR,2002,2.821
Bahrain,BHR,2003,2.827
Bahrain,BHR,2005,2.649
Bahrain,BHR,2006,2.683
Bahrain,BHR,2008,2.572
Bahrain,BHR,2009,2.535
Bahrain,BHR,2010,2.515
Bahrain,BHR,2011,2.633
Bahrain,BHR,2012,2.632
Bahrain,BHR,2013,2.61
Bahrain,BHR,2014,2.54
Bahrain,BHR,2015,2.512
Bahrain,BHR,2016,2.346
Bangladesh,BGD,2003,0.272
Bangladesh,BGD,2005,0.28
Bangladesh,BGD,2006,0.281
Bangladesh,BGD,2007,0.161
Bangladesh,BGD,2008,0.161
Bangladesh,BGD,2009,0.171
Bangladesh,BGD,2010,0.182
Bangladesh,BGD,2011,0.192
Bangladesh,BGD,2012,0.205
Bangladesh,BGD,2013,0.208
Bangladesh,BGD,2014,0.254
Bangladesh,BGD,2015,0.272
Bangladesh,BGD,2016,0.261
Bangladesh,BGD,2017,0.312
Bangladesh,BGD,2018,0.391
Bangladesh,BGD,2019,0.386
Bangladesh,BGD,2020,0.481
Bangladesh,BGD,2021,0.613
Barbados,BRB,1995,5.185
Barbados,BRB,2000,5.977
Barbados,BRB,2001,5.953
Barbados,BRB,2005,4.865
Barbados,BRB,2018,3.136
Belarus,BLR,1990,7.322
Belarus,BLR,1991,6.946
Belarus,BLR,1992,7.159
Belarus,BLR,1993,7.497
Belarus,BLR,1994,7.198
Belarus,BLR,1995,7.591
Belarus,BLR,1996,7.654
Belarus,BLR,1997,7.737
Belarus,BLR,1998,9.07
Belarus,BLR,1999,9.291
Belarus,BLR,2000,9.302
Belarus,BLR,2001,9.404
Belarus,BLR,2002,9.515
Belarus,BLR,2003,9.409
Belarus,BLR,2004,9.549
Belarus,BLR,2005,9.665
Belarus,BLR,2006,9.722
Belarus,BLR,2007,9.746
Belarus,BLR,2008,10.01
Belarus,BLR,2009,10.15
Belarus,BLR,2010,10.28
Belarus,BLR,2011,10.29
Belarus,BLR,2012,10.6
Belarus,BLR,2013,10.55
Belarus,BLR,2014,10.69
Belarus,BLR,2015,10.71
Belarus,BLR,2016,10.65
Belarus,BLR,2017,10.67
Belarus,BLR,2018,10.7
Belarus,BLR,2019,10.64
Belarus,BLR,2020,10.52
Belgium,BEL,2003,5.829
Belgium,BEL,2004,9.202
Belgium,BEL,2005,9.431
Belgium,BEL,2006,9.565
Belgium,BEL,2007,9.693
Belgium,BEL,2008,9.803
Belgium,BEL,2009,9.935
Belgium,BEL,2010,10.15
Belgium,BEL,2011,10.45
Belgium,BEL,2012,10.68
Belgium,BEL,2013,10.96
Belgium,BEL,2014,11.24
Belgium,BEL,2015,11.85
Belgium,BEL,2016,12.02
Belgium,BEL,2017,11.9
Belgium,BEL,2018,11.77
Belgium,BEL,2019,19.35
Belgium,BEL,2020,20.13
Belgium,BEL,2021,20.53
Belgium,BEL,2022,20.89
Belize,BLZ,2000,1.26
Belize,BLZ,2009,1.814
Belize,BLZ,2012,1.107
Belize,BLZ,2013,1.961
Belize,BLZ,2014,2.03
Belize,BLZ,2015,2.101
Belize,BLZ,2016,2.151
Belize,BLZ,2017,2.399
Belize,BLZ,2018,2.348
Benin,BEN,2004,0.733
Benin,BEN,2008,0.8
Benin,BEN,2010,0.44
Benin,BEN,2011,0.413
Benin,BEN,2012,0.661
Benin,BEN,2013,0.565
Benin,BEN,2016,0.733
Benin,BEN,2018,0.374
Benin,BEN,2019,0.291
Benin,BEN,2021,0.582
Benin,BEN,2022,0.595
Bhutan,BTN,2004,0.792
Bhutan,BTN,2007,0.8
Bhutan,BTN,2008,0.966
Bhutan,BTN,2012,1.021
Bhutan,BTN,2013,1.096
Bhutan,BTN,2014,1.3
Bhutan,BTN,2015,1.44
Bhutan,BTN,2016,1.506
Bhutan,BTN,2017,1.612
Bhutan,BTN,2018,1.833
Bhutan,BTN,2019,1.819
Bhutan,BTN,2020,2.075
Bhutan,BTN,2021,2.21
Bhutan,BTN,2022,2.047
Bolivia,BOL,2001,2.069
Bolivia,BOL,2007,0.599
Bolivia,BOL,2010,0.818
Bolivia,BOL,2011,0.975
Bolivia,BOL,2015,1.168
Bolivia,BOL,2016,1.095
Bolivia,BOL,2017,1.526
Bolivia,BOL,2019,1.383
Bolivia,BOL,2020,1.451
Bolivia,BOL,2021,1.605
Bosnia and Herzegovina,BIH,1990,5.01
Bosnia and Herzegovina,BIH,1991,4.873
Bosnia and Herzegovina,BIH,1999,4.069
Bosnia and Herzegovina,BIH,2000,4.011
Bosnia and Herzegovina,BIH,2001,3.936
Bosnia and Herzegovina,BIH,2002,3.999
Bosnia and Herzegovina,BIH,2003,4.347
Bosnia and Herzegovina,BIH,2004,4.37
Bosnia and Herzegovina,BIH,2005,4.477
Bosnia and Herzegovina,BIH,2006,4.583
Bosnia and Herzegovina,BIH,2007,4.715
Bosnia and Herzegovina,BIH,2008,4.941
Bosnia and Herzegovina,BIH,2009,5.115
Bosnia and Herzegovina,BIH,2010,5.335
Bosnia and Herzegovina,BIH,2011,5.486
Bosnia and Herzegovina,BIH,2012,5.781
Bosnia and Herzegovina,BIH,2013,5.778
Bosnia and Herzegovina,BIH,2014,5.979
Bosnia and Herzegovina,BIH,2015,6.013
Bosnia and Herzegovina,BIH,2016,5.64
Bosnia and Herzegovina,BIH,2017,5.729
Bosnia and Herzegovina,BIH,2018,5.919
Bosnia and Herzegovina,BIH,2019,6.396
Botswana,BWA,1998,2.576
Botswana,BWA,1999,2.951
Botswana,BWA,2000,2.501
Botswana,BWA,2001,2.267
Botswana,BWA,2002,2.31
Botswana,BWA,2003,2.436
Botswana,BWA,2004,2.557
Botswana,BWA,2005,2.361
Botswana,BWA,2006,2.596
Botswana,BWA,2007,2.931
Botswana,BWA,2008,2.798
Botswana,BWA,2009,2.839
Botswana,BWA,2010,2.781
Botswana,BWA,2011,2.725
Botswana,BWA,2012,2.674
Botswana,BWA,2016,3.778
Botswana,BWA,2018,3.119
Botswana,BWA,2019,3.106
Botswana,BWA,2020,3.052
Botswana,BWA,2021,3.047
Botswana,BWA,2022,3.052
Brazil,BRA,1990,0.939
Brazil,BRA,1992,1.133
Brazil,BRA,1993,1.252
Brazil,BRA,1994,1.403
Brazil,BRA,1995,1.562
Brazil,BRA,1996,1.829
Brazil,BRA,1997,2.039
Brazil,BRA,1998,2.258
Brazil,BRA,1999,2.525
Brazil,BRA,2000,3.748
Brazil,BRA,2001,2.973
Brazil,BRA,2002,3.359
Brazil,BRA,2003,3.643
Brazil,BRA,2004,3.714
Brazil,BRA,2013,7.538
Brazil,BRA,2014,8.758
Brazil,BRA,2015,9.076
Brazil,BRA,2016,9.32
Brazil,BRA,2017,9.706
Brazil,BRA,2018,10.09
Brazil,BRA,2019,7.375
Brazil,BRA,2021,5.513
British Virgin Islands,VGB,2015,8.163
British Virgin Islands,VGB,2016,9.158
British Virgin Islands,VGB,2017,9.369
British Virgin Islands,VGB,2018,9.109
Brunei,BRN,2000,3.881
Brunei,BRN,2002,6.101
Brunei,BRN,2004,5.34
Brunei,BRN,2005,5.47
Brunei,BRN,2006,5.284
Brunei,BRN,2007,5.057
Brunei,BRN,2008,5.047
Brunei,BRN,2009,5.037
Brunei,BRN,2010,7.339
Brunei,BRN,2011,7.816
Brunei,BRN,2012,8.148
Brunei,BRN,2013,7.399
Brunei,BRN,2014,6.192
Brunei,BRN,2015,6.54
Brunei,BRN,2016,6.378
Brunei,BRN,2017,6.017
Brunei,BRN,2018,6.535
Brunei,BRN,2021,6.711
Bulgaria,BGR,1990,6.998
Bulgaria,BGR,1991,6.619
Bulgaria,BGR,1992,6.605
Bulgaria,BGR,1993,6.845
Bulgaria,BGR,1994,6.726
Bulgaria,BGR,1995,6.805
Bulgaria,BGR,1996,6.865
Bulgaria,BGR,1997,6.414
Bulgaria,BGR,1998,6.457
Bulgaria,BGR,1999,6.217
Bulgaria,BGR,2000,4.398
Bulgaria,BGR,2001,4.143
Bulgaria,BGR,2002,4.005
Bulgaria,BGR,2003,4.181
Bulgaria,BGR,2004,4.219
Bulgaria,BGR,2005,4.439
Bulgaria,BGR,2006,4.51
Bulgaria,BGR,2007,4.618
Bulgaria,BGR,2008,4.645
Bulgaria,BGR,2009,4.617
Bulgaria,BGR,2010,4.614
Bulgaria,BGR,2011,4.624
Bulgaria,BGR,2012,4.721
Bulgaria,BGR,2013,4.808
Bulgaria,BGR,2014,4.772
Bulgaria,BGR,2015,4.743
Bulgaria,BGR,2016,4.724
Bulgaria,BGR,2017,4.756
Bulgaria,BGR,2018,4.741
Bulgaria,BGR,2019,4.795
Bulgaria,BGR,2020,4.644
Bulgaria,BGR,2021,4.659
Burkina Faso,BFA,2004,0.488
Burkina Faso,BFA,2008,0.358
Burkina Faso,BFA,2009,0.391
Burkina Faso,BFA,2010,0.536
Burkina Faso,BFA,2011,0.442
Burkina Faso,BFA,2012,0.611
Burkina Faso,BFA,2013,0.442
Burkina Faso,BFA,2014,0.446
Burkina Faso,BFA,2015,0.648
Burkina Faso,BFA,2016,0.637
Burkina Faso,BFA,2017,0.854
Burkina Faso,BFA,2019,0.899
Burkina Faso,BFA,2020,0.914
Burkina Faso,BFA,2021,0.916
Burkina Faso,BFA,2022,1.026
Burundi,BDI,2004,0.189
Burundi,BDI,2010,0.655
Burundi,BDI,2011,0.632
Burundi,BDI,2012,0.664
Burundi,BDI,2013,0.651
Burundi,BDI,2014,0.652
Burundi,BDI,2015,0.631
Burundi,BDI,2017,0.828
Burundi,BDI,2018,0.797
Burundi,BDI,2019,0.644
Burundi,BDI,2020,0.631
Burundi,BDI,2021,0.758
Cambodia,KHM,1996,1.04
Cambodia,KHM,1998,1.002
Cambodia,KHM,2000,0.918
Cambodia,KHM,2008,0.842
Cambodia,KHM,2009,0.851
Cambodia,KHM,2010,0.853
Cambodia,KHM,2011,0.871
Cambodia,KHM,2012,0.923
Cambodia,KHM,2013,0.947
Cambodia,KHM,2014,0.966
Cambodia,KHM,2015,0.593
Cambodia,KHM,2016,0.726
Cambodia,KHM,2017,0.709
Cambodia,KHM,2018,0.695
Cambodia,KHM,2019,1.025
Cameroon,CMR,2004,1.549
Cameroon,CMR,2005,0.388
Cameroon,CMR,2007,0.451
Cameroon,CMR,2009,0.395
Cameroon,CMR,2010,0.539
Cameroon,CMR,2011,0.937
Cameroon,CMR,2018,0.365
Cameroon,CMR,2020,0.481
Cameroon,CMR,2021,0.193
Cameroon,CMR,2022,0.65
Canada,CAN,1990,11.12
Canada,CAN,1991,11.24
Canada,CAN,1992,11.21
Canada,CAN,1993,11.11
Canada,CAN,1994,10.94
Canada,CAN,1995,10.7
Canada,CAN,1996,10.39
Canada,CAN,1997,10.23
Canada,CAN,1998,10.01
Canada,CAN,1999,9.929
Canada,CAN,2000,9.967
Canada,CAN,2001,9.844
Canada,CAN,2002,9.47
Canada,CAN,2003,8.526
Canada,CAN,2004,8.529
Canada,CAN,2005,8.752
Canada,CAN,2006,8.869
Canada,CAN,2007,9.069
Canada,CAN,2008,9.187
Canada,CAN,2009,9.355
Canada,CAN,2010,9.406
Canada,CAN,2011,9.323
Canada,CAN,2012,9.435
Canada,CAN,2013,9.575
Canada,CAN,2014,9.854
Canada,CAN,2015,9.935
Canada,CAN,2016,9.993
Canada,CAN,2017,10.04
Canada,CAN,2018,9.997
Canada,CAN,2019,10.05
Canada,CAN,2020,10.16
Canada,CAN,2021,10.27
Canada,CAN,2022,10.31
Cape Verde,CPV,2004,0.874
Cape Verde,CPV,2009,0.962
Cape Verde,CPV,2010,1.042
Cape Verde,CPV,2011,1.029
Cape Verde,CPV,2012,1.032
Cape Verde,CPV,2013,0.746
Cape Verde,CPV,2014,0.872
Cape Verde,CPV,2015,0.902
Cape Verde,CPV,2016,1.096
Cape Verde,CPV,2017,1.218
Cape Verde,CPV,2018,1.236
Cape Verde,CPV,2022,1.587
Cayman Islands,CYM,2018,7.334
Central African Republic,CAF,2004,0.392
Central African Republic,CAF,2008,0.187
Central African Republic,CAF,2009,0.24
Central African Republic,CAF,2015,0.192
Central African Republic,CAF,2018,0.235
Central African Republic,CAF,2021,0.191
Chad,TCD,1997,0.048
Chad,TCD,1998,0.057
Chad,TCD,1999,0.06
Chad,TCD,2000,0.126
Chad,TCD,2004,0.26
Chad,TCD,2006,0.182
Chad,TCD,2012,0.279
Chad,TCD,2013,0.307
Chad,TCD,2014,0.263
Chad,TCD,2015,0.252
Chad,TCD,2016,0.213
Chad,TCD,2017,0.231
Chad,TCD,2018,0.308
Chad,TCD,2019,0.134
Chad,TCD,2020,0.2
Chad,TCD,2021,0.198
Chad,TCD,2022,0.21
Chile,CHL,2010,1.271
Chile,CHL,2011,1.543
Chile,CHL,2012,1.855
Chile,CHL,2013,2.174
Chile,CHL,2014,9.403
Chile,CHL,2015,10.9
Chile,CHL,2016,11.28
Chile,CHL,2017,12.4
Chile,CHL,2018,13.34
Chile,CHL,2019,3.666
Chile,CHL,2020,4.306
Chile,CHL,2021,4.601
Chile,CHL,2022,4.968
China,CHN,1990,0.845
China,CHN,1995,0.924
China,CHN,1996,0.947
China,CHN,1997,0.968
China,CHN,1998,0.978
China,CHN,1999,0.992
China,CHN,2000,1.002
China,CHN,2001,1.011
China,CHN,2002,0.973
China,CHN,2003,0.982
China,CHN,2004,1.009
China,CHN,2005,1.034
China,CHN,2006,1.086
China,CHN,2007,1.18
China,CHN,2008,1.262
China,CHN,2009,1.385
China,CHN,2010,1.519
China,CHN,2011,1.654
China,CHN,2012,1.827
China,CHN,2013,2.023
China,CHN,2014,2.169
China,CHN,2015,2.326
China,CHN,2016,2.502
China,CHN,2017,2.697
China,CHN,2018,2.892
China,CHN,2019,3.126
China,CHN,2020,3.305
China,CHN,2021,3.52
Colombia,COL,1990,0.332
Colombia,COL,1991,0.347
Colombia,COL,1992,0.361
Colombia,COL,1993,0.375
Colombia,COL,1994,0.39
Colombia,COL,1995,0.404
Colombia,COL,1996,0.419
Colombia,COL,1997,0.43
Colombia,COL,1998,0.456
Colombia,COL,1999,0.475
Colombia,COL,2000,0.502
Colombia,COL,2001,0.536
Colombia,COL,2002,0.568
Colombia,COL,2003,0.597
Colombia,COL,2004,0.635
Colombia,COL,2005,0.677
Colombia,COL,2006,0.717
Colombia,COL,2007,0.753
Colombia,COL,2008,0.801
Colombia,COL,2009,0.85
Colombia,COL,2010,0.896
Colombia,COL,2011,0.951
Colombia,COL,2012,1.015
Colombia,COL,2013,1.075
Colombia,COL,2014,1.136
Colombia,COL,2015,1.197
Colombia,COL,2016,1.281
Colombia,COL,2017,1.314
Colombia,COL,2018,1.343
Colombia,COL,2019,1.367
Colombia,COL,2020,1.405
Colombia,COL,2021,1.449
Comoros,COM,2004,1.012
Comoros,COM,2005,0.58
Comoros,COM,2009,0.736
Comoros,COM,2018,1.498
Comoros,COM,2020,1.574
Congo,COG,2004,1.036
Congo,COG,2006,1.377
Congo,COG,2007,0.883
Congo,COG,2010,0.421
Congo,COG,2011,1.716
Congo,COG,2013,0.947
Congo,COG,2014,0.699
Congo,COG,2015,0.761
Congo,COG,2016,0.894
Congo,COG,2018,0.934
Congo,COG,2022,1.085
Costa Rica,CRI,1990,0.861
Costa Rica,CRI,1991,0.859
Costa Rica,CRI,1992,0.877
Costa Rica,CRI,1993,0.887
Costa Rica,CRI,1994,0.894
Costa Rica,CRI,1995,0.9
Costa Rica,CRI,1996,0.929
Costa Rica,CRI,1997,0.959
Costa Rica,CRI,1998,1.032
Costa Rica,CRI,1999,1.07
Costa Rica,CRI,2000,1.171
Costa Rica,CRI,2001,1.26
Costa Rica,CRI,2002,1.286
Costa Rica,CRI,2003,1.365
Costa Rica,CRI,2004,1.419
Costa Rica,CRI,2005,1.444
Costa Rica,CRI,2006,1.505
Costa Rica,CRI,2007,1.567
Costa Rica,CRI,2008,1.648
Costa Rica,CRI,2009,1.747
Costa Rica,CRI,2010,1.845
Costa Rica,CRI,2011,1.904
Costa Rica,CRI,2012,2.011
Costa Rica,CRI,2013,2.144
Costa Rica,CRI,2014,2.37
Costa Rica,CRI,2015,4.768
Costa Rica,CRI,2016,5.102
Costa Rica,CRI,2017,5.524
Costa Rica,CRI,2018,5.612
Costa Rica,CRI,2019,5.727
Costa Rica,CRI,2020,6.022
Costa Rica,CRI,2021,6.078
Costa Rica,CRI,2022,6.025
Cote d'Ivoire,CIV,2004,0.549
Cote d'Ivoire,CIV,2005,0.474
Cote d'Ivoire,CIV,2008,0.456
Cote d'Ivoire,CIV,2011,0.451
Cote d'Ivoire,CIV,2013,0.562
Cote d'Ivoire,CIV,2014,0.616
Cote d'Ivoire,CIV,2015,0.462
Cote d'Ivoire,CIV,2016,0.501
Cote d'Ivoire,CIV,2017,0.547
Cote d'Ivoire,CIV,2018,0.595
Cote d'Ivoire,CIV,2019,0.645
Cote d'Ivoire,CIV,2020,0.736
Cote d'Ivoire,CIV,2021,0.726
Cote d'Ivoire,CIV,2022,0.796
Croatia,HRV,1990,4.956
Croatia,HRV,1991,4.493
Croatia,HRV,1992,4.644
Croatia,HRV,1993,4.541
Croatia,HRV,1994,4.379
Croatia,HRV,1995,4.009
Croatia,HRV,1996,4.177
Croatia,HRV,1997,4.421
Croatia,HRV,1998,4.58
Croatia,HRV,1999,4.714
Croatia,HRV,2000,4.871
Croatia,HRV,2001,4.923
Croatia,HRV,2002,4.972
Croatia,HRV,2003,5.015
Croatia,HRV,2004,5.131
Croatia,HRV,2005,5.186
Croatia,HRV,2006,5.287
Croatia,HRV,2007,5.414
Croatia,HRV,2008,5.629
Croatia,HRV,2009,5.523
Croatia,HRV,2010,5.723
Croatia,HRV,2011,5.856
Croatia,HRV,2012,5.972
Croatia,HRV,2013,6.13
Croatia,HRV,2014,6.101
Croatia,HRV,2015,6.16
Croatia,HRV,2016,6.652
Croatia,HRV,2017,6.854
Croatia,HRV,2018,6.939
Croatia,HRV,2019,7.141
Croatia,HRV,2020,7.237
Croatia,HRV,2021,7.684
Cuba,CUB,2002,7.509
Cuba,CUB,2007,8.678
Cuba,CUB,2010,9.124
Cuba,CUB,2012,8.147
Cuba,CUB,2013,8.07
Cuba,CUB,2014,8.011
Cuba,CUB,2015,7.937
Cuba,CUB,2016,7.853
Cuba,CUB,2017,7.731
Cuba,CUB,2018,7.568
Cyprus,CYP,1990,3.143
Cyprus,CYP,1991,3.099
Cyprus,CYP,1992,3.115
Cyprus,CYP,1993,3.213
Cyprus,CYP,1994,3.228
Cyprus,CYP,1995,3.271
Cyprus,CYP,1996,3.238
Cyprus,CYP,1997,3.232
Cyprus,CYP,1998,3.211
Cyprus,CYP,1999,3.167
Cyprus,CYP,2000,3.091
Cyprus,CYP,2001,3.071
Cyprus,CYP,2002,3.048
Cyprus,CYP,2003,3.068
Cyprus,CYP,2004,3.187
Cyprus,CYP,2005,2.985
Cyprus,CYP,2006,3.295
Cyprus,CYP,2007,3.343
Cyprus,CYP,2008,3.267
Cyprus,CYP,2009,3.425
Cyprus,CYP,2010,3.493
Cyprus,CYP,2011,3.622
Cyprus,CYP,2012,3.55
Cyprus,CYP,2013,3.788
Cyprus,CYP,2014,3.831
Cyprus,CYP,2015,3.945
Cyprus,CYP,2016,3.961
Cyprus,CYP,2017,4.065
Cyprus,CYP,2018,4.109
Cyprus,CYP,2019,4.161
Cyprus,CYP,2021,4.628
Czechia,CZE,1990,7.801
Czechia,CZE,1991,7.749
Czechia,CZE,1992,7.785
Czechia,CZE,1993,7.749
Czechia,CZE,1994,7.745
Czechia,CZE,1995,7.91
Czechia,CZE,1996,7.862
Czechia,CZE,1997,7.83
Czechia,CZE,1998,7.815
Czechia,CZE,1999,7.856
Czechia,CZE,2000,8.082
Czechia,CZE,2001,8.319
Czechia,CZE,2002,8.443
Czechia,CZE,2003,8.407
Czechia,CZE,2004,8.487
Czechia,CZE,2005,8.478
Czechia,CZE,2006,8.432
Czechia,CZE,2007,8.415
Czechia,CZE,2008,8.389
Czechia,CZE,2009,8.528
Czechia,CZE,2010,8.527
Czechia,CZE,2011,8.461
Czechia,CZE,2012,8.483
Czechia,CZE,2013,8.41
Czechia,CZE,2014,8.347
Czechia,CZE,2015,8.433
Czechia,CZE,2016,8.331
Czechia,CZE,2017,8.928
Czechia,CZE,2018,8.989
Czechia,CZE,2019,9.063
Czechia,CZE,2020,9.203
Czechia,CZE,2021,9.356
Democratic Republic of Congo,COD,2004,0.529
Democratic Republic of Congo,COD,2009,0.398
Democratic Republic of Congo,COD,2013,0.835
Democratic Republic of Congo,COD,2015,0.919
Democratic Republic of Congo,COD,2016,0.573
Democratic Republic of Congo,COD,2017,0.867
Democratic Republic of Congo,COD,2018,1.072
Democratic Republic of Congo,COD,2019,1.08
Democratic Republic of Congo,COD,2021,1.083
Democratic Republic of Congo,COD,2022,1.191
Denmark,DNK,1990,12.1
Denmark,DNK,1991,12.41
Denmark,DNK,1992,8.893
Denmark,DNK,1993,8.972
Denmark,DNK,1994,8.908
Denmark,DNK,1995,8.946
Denmark,DNK,1996,9.041
Denmark,DNK,1997,9.292
Denmark,DNK,1998,9.403
Denmark,DNK,1999,9.361
Denmark,DNK,2000,9.542
Denmark,DNK,2001,9.574
Denmark,DNK,2002,9.683
Denmark,DNK,2003,9.518
Denmark,DNK,2004,9.666
Denmark,DNK,2005,9.802
Denmark,DNK,2006,9.766
Denmark,DNK,2007,9.523
Denmark,DNK,2008,9.808
Denmark,DNK,2009,10.07
Denmark,DNK,2010,10.11
Denmark,DNK,2011,10.16
Denmark,DNK,2012,10.25
Denmark,DNK,2013,10.26
Denmark,DNK,2014,10.25
Denmark,DNK,2015,10.26
Denmark,DNK,2016,10.33
Denmark,DNK,2017,10.43
Denmark,DNK,2018,10.51
Denmark,DNK,2019,10.54
Denmark,DNK,2020,10.64
Djibouti,DJI,1999,0.685
Djibouti,DJI,2002,0.697
Djibouti,DJI,2004,0.362
Djibouti,DJI,2005,0.542
Djibouti,DJI,2014,0.662
Dominica,DMA,1997,4.588
Dominica,DMA,2001,6.422
Dominica,DMA,2013,6.817
Dominica,DMA,2014,6.931
Dominica,DMA,2015,6.814
Dominica,DMA,2016,6.805
Dominica,DMA,2017,6.193
Dominica,DMA,2018,6.511
Dominican Republic,DOM,2000,1.798
Dominican Republic,DOM,2009,1.315
Dominican Republic,DOM,2011,1.35
Dominican Republic,DOM,2013,1.24
Dominican Republic,DOM,2014,1.249
Dominican Republic,DOM,2015,1.248
Dominican Republic,DOM,2016,1.104
Dominican Republic,DOM,2017,1.125
Dominican Republic,DOM,2018,1.292
Dominican Republic,DOM,2019,1.44
Dominican Republic,DOM,2020,1.893
Dominican Republic,DOM,2021,2.018
Dominican Republic,DOM,2022,2.078
East Asia and Pacific (WB),,1990,1.4035525
East Asia and Pacific (WB),,2000,1.9028176
East Asia and Pacific (WB),,2010,2.56026
East Asia and Pacific (WB),,2021,4.217976
East Timor,TLS,2004,1.898
East Timor,TLS,2007,1.037
East Timor,TLS,2008,1.057
East Timor,TLS,2009,1.141
East Timor,TLS,2010,1.153
East Timor,TLS,2011,1.153
East Timor,TLS,2013,0.906
East Timor,TLS,2014,1.39
East Timor,TLS,2015,1.47
East Timor,TLS,2017,1.742
East Timor,TLS,2018,1.676
East Timor,TLS,2019,1.773
East Timor,TLS,2020,1.773
Ecuador,ECU,1990,1.565
Ecuador,ECU,1991,1.632
Ecuador,ECU,1992,1.657
Ecuador,ECU,1993,1.421
Ecuador,ECU,1994,1.619
Ecuador,ECU,1995,1.589
Ecuador,ECU,1996,1.689
Ecuador,ECU,1997,1.702
Ecuador,ECU,1998,1.633
Ecuador,ECU,1999,1.657
Ecuador,ECU,2000,1.63
Ecuador,ECU,2001,1.592
Ecuador,ECU,2002,1.636
Ecuador,ECU,2003,1.532
Ecuador,ECU,2009,1.883
Ecuador,ECU,2010,1.662
Ecuador,ECU,2011,2.076
Ecuador,ECU,2013,1.944
Ecuador,ECU,2014,2.192
Ecuador,ECU,2015,2.515
Ecuador,ECU,2016,2.863
Ecuador,ECU,2017,2.842
Ecuador,ECU,2018,2.516
Egypt,EGY,2004,1.893
Egypt,EGY,2006,2.227
Egypt,EGY,2013,1.869
Egypt,EGY,2014,1.849
Egypt,EGY,2015,1.836
Egypt,EGY,2016,1.822
Egypt,EGY,2017,1.826
Egypt,EGY,2018,1.827
El Salvador,SLV,1999,0.6755
El Salvador,SLV,2002,0.859
El Salvador,SLV,2005,0.3457
El Salvador,SLV,2007,1.382
El Salvador,SLV,2013,1.798
El Salvador,SLV,2014,1.783
El Salvador,SLV,2015,1.785
El Salvador,SLV,2016,1.834
El Salvador,SLV,2017,1.899
El Salvador,SLV,2018,1.877
El Salvador,SLV,2021,2.635
El Salvador,SLV,2022,2.16
Equatorial Guinea,GNQ,2004,0.328
Equatorial Guinea,GNQ,2017,0.437
Equatorial Guinea,GNQ,2018,0.27
Equatorial Guinea,GNQ,2022,0.835
Eritrea,ERI,2004,0.907
Eritrea,ERI,2013,1.293
Eritrea,ERI,2014,1.243
Eritrea,ERI,2015,1.186
Eritrea,ERI,2016,1.444
Eritrea,ERI,2017,1.333
Eritrea,ERI,2018,1.443
Eritrea,ERI,2021,1.312
Eritrea,ERI,2022,1.377
Estonia,EST,1990,8.792
Estonia,EST,1991,7.108
Estonia,EST,1992,6.942
Estonia,EST,1993,6.96
Estonia,EST,1994,6.861
Estonia,EST,1995,6.848
Estonia,EST,1996,6.633
Estonia,EST,1997,6.475
Estonia,EST,1998,6.417
Estonia,EST,1999,6.332
Estonia,EST,2000,6.199
Estonia,EST,2001,6.126
Estonia,EST,2002,6.32
Estonia,EST,2003,6.431
Estonia,EST,2004,6.543
Estonia,EST,2005,6.581
Estonia,EST,2006,6.613
Estonia,EST,2007,6.702
Estonia,EST,2008,6.716
Estonia,EST,2009,6.448
Estonia,EST,2010,6.402
Estonia,EST,2011,6.527
Estonia,EST,2012,6.46
Estonia,EST,2013,5.963
Estonia,EST,2014,6.081
Estonia,EST,2015,6.355
Estonia,EST,2016,6.436
Estonia,EST,2017,6.537
Estonia,EST,2018,6.636
Estonia,EST,2019,6.601
Estonia,EST,2020,7.212
Estonia,EST,2021,6.87
Eswatini,SWZ,2000,3.246
Eswatini,SWZ,2004,6.407
Eswatini,SWZ,2013,3.34
Eswatini,SWZ,2014,3.417
Eswatini,SWZ,2015,3.507
Eswatini,SWZ,2016,3.676
Eswatini,SWZ,2017,3.848
Eswatini,SWZ,2018,4.056
Eswatini,SWZ,2020,2.471
Eswatini,SWZ,2022,3.182
Ethiopia,ETH,2003,0.212
Ethiopia,ETH,2004,0.206
Ethiopia,ETH,2005,0.243
Ethiopia,ETH,2006,0.224
Ethiopia,ETH,2007,0.221
Ethiopia,ETH,2008,0.199
Ethiopia,ETH,2009,0.248
Ethiopia,ETH,2017,0.815
Ethiopia,ETH,2018,0.701
Ethiopia,ETH,2020,0.77
Ethiopia,ETH,2021,0.75
Ethiopia,ETH,2022,0.748
Europe and Central Asia (WB),,2000,6.8264537
Europe and Central Asia (WB),,2010,7.46508
Europe and Central Asia (WB),,2021,7.9601307
European Union (27),,2000,6.8399997
European Union (27),,2010,7.76193
European Union (27),,2021,9.352445
Fiji,FJI,1999,1.914
Fiji,FJI,2003,1.934
Fiji,FJI,2008,1.99
Fiji,FJI,2009,2.171
Fiji,FJI,2013,2.751
Fiji,FJI,2015,2.858
Fiji,FJI,2018,3.245
Fiji,FJI,2019,3.837
Finland,FIN,1990,10.31
Finland,FIN,1991,10.67
Finland,FIN,1992,11.22
Finland,FIN,1993,11.83
Finland,FIN,1994,13.25
Finland,FIN,1995,14.8
Finland,FIN,1996,16.74
Finland,FIN,1997,18.72
Finland,FIN,1998,20.65
Finland,FIN,1999,22.46
Finland,FIN,2000,23.96
Finland,FIN,2001,24.79
Finland,FIN,2002,25.97
Finland,FIN,2003,27.06
Finland,FIN,2004,18.91
Finland,FIN,2005,19.92
Finland,FIN,2006,21.08
Finland,FIN,2007,22.09
Finland,FIN,2008,23
Finland,FIN,2009,23.33
Finland,FIN,2010,20.03
Finland,FIN,2011,18.77
Finland,FIN,2012,19.13
Finland,FIN,2013,19.07
Finland,FIN,2014,19.23
Finland,FIN,2015,18.86
Finland,FIN,2016,18.76
Finland,FIN,2017,19
Finland,FIN,2018,19.14
Finland,FIN,2019,18.89
Finland,FIN,2020,19.34
France,FRA,1998,6.48
France,FRA,1999,6.704
France,FRA,2000,6.91
France,FRA,2001,7.078
France,FRA,2002,7.246
France,FRA,2003,7.418
France,FRA,2004,7.596
France,FRA,2005,7.783
France,FRA,2006,7.982
France,FRA,2007,8.061
France,FRA,2008,8.304
France,FRA,2009,8.539
France,FRA,2010,8.704
France,FRA,2011,8.881
France,FRA,2012,9.18
France,FRA,2013,9.383
France,FRA,2014,9.561
France,FRA,2015,9.731
France,FRA,2016,9.862
France,FRA,2017,9.951
France,FRA,2018,10.06
France,FRA,2019,10.16
France,FRA,2020,10.25
France,FRA,2021,9.378
Gabon,GAB,2004,4.783
Gabon,GAB,2016,2.449
Gabon,GAB,2017,2.842
Gabon,GAB,2018,2.776
Gabon,GAB,2019,2.371
Gabon,GAB,2020,2.68
Gabon,GAB,2022,2.175
Gambia,GMB,2003,1.201
Gambia,GMB,2004,0.431
Gambia,GMB,2005,0.441
Gambia,GMB,2006,0.44
Gambia,GMB,2007,0.716
Gambia,GMB,2008,0.775
Gambia,GMB,2012,1.158
Gambia,GMB,2015,1.43
Gambia,GMB,2017,0.651
Gambia,GMB,2018,0.613
Gambia,GMB,2019,0.435
Gambia,GMB,2020,0.687
Gambia,GMB,2021,0.675
Georgia,GEO,1996,4.734
Georgia,GEO,1997,4.933
Georgia,GEO,1998,4.988
Georgia,GEO,1999,5.071
Georgia,GEO,2000,4.808
Georgia,GEO,2001,4.466
Georgia,GEO,2002,4.471
Georgia,GEO,2003,4.466
Georgia,GEO,2004,4.412
Georgia,GEO,2005,4.402
Georgia,GEO,2006,4.254
Georgia,GEO,2007,4.167
Georgia,GEO,2008,4.204
Georgia,GEO,2009,4.163
Georgia,GEO,2010,4.22
Georgia,GEO,2011,4.203
Georgia,GEO,2012,3.976
Georgia,GEO,2013,4.046
Georgia,GEO,2014,4.085
Georgia,GEO,2015,4.287
Georgia,GEO,2016,4.26
Georgia,GEO,2017,5.161
Georgia,GEO,2018,5.018
Georgia,GEO,2019,5.529
Georgia,GEO,2020,5.888
Georgia,GEO,2021,5.875
Georgia,GEO,2022,5.98
Germany,DEU,2000,8.853
Germany,DEU,2001,8.956
Germany,DEU,2002,9.086
Germany,DEU,2003,9.294
Germany,DEU,2004,9.389
Germany,DEU,2005,9.555
Germany,DEU,2006,9.646
Germany,DEU,2007,9.78
Germany,DEU,2008,9.936
Germany,DEU,2009,10.13
Germany,DEU,2010,10.18
Germany,DEU,2011,10.27
Germany,DEU,2012,10.33
Germany,DEU,2013,10.68
Germany,DEU,2014,10.88
Germany,DEU,2015,10.95
Germany,DEU,2016,11.15
Germany,DEU,2017,11.38
Germany,DEU,2018,11.81
Germany,DEU,2019,12.09
Germany,DEU,2020,12.35
Germany,DEU,2021,12.3
Ghana,GHA,2004,0.9
Ghana,GHA,2008,0.939
Ghana,GHA,2009,1.155
Ghana,GHA,2010,1.028
Ghana,GHA,2014,1.327
Ghana,GHA,2015,1.931
Ghana,GHA,2016,2.039
Ghana,GHA,2017,2.255
Ghana,GHA,2018,4.39
Ghana,GHA,2019,2.616
Ghana,GHA,2020,3.496
Ghana,GHA,2021,3.42
Ghana,GHA,2022,3.789
Greece,GRC,1999,2.788
Greece,GRC,2000,2.896
Greece,GRC,2001,3.11
Greece,GRC,2002,3.461
Greece,GRC,2003,3.485
Greece,GRC,2004,3.478
Greece,GRC,2005,3.525
Greece,GRC,2006,3.448
Greece,GRC,2007,3.447
Greece,GRC,2008,3.502
Greece,GRC,2009,3.612
Greece,GRC,2010,3.714
Greece,GRC,2011,3.741
Greece,GRC,2012,3.608
Greece,GRC,2013,3.553
Greece,GRC,2014,3.484
Greece,GRC,2015,3.453
Greece,GRC,2016,3.509
Greece,GRC,2017,3.591
Greece,GRC,2018,3.663
Greece,GRC,2019,3.698
Greece,GRC,2020,3.997
Greece,GRC,2021,4.086
Grenada,GRD,1999,3.689
Grenada,GRD,2000,3.408
Grenada,GRD,2001,3.392
Grenada,GRD,2002,3.383
Grenada,GRD,2003,3.367
Grenada,GRD,2006,3.586
Grenada,GRD,2017,2.804
Grenada,GRD,2018,5.747
Guam,GUM,2018,11.56
Guatemala,GTM,2009,0.873
Guatemala,GTM,2014,0.956
Guatemala,GTM,2015,0.98
Guatemala,GTM,2016,1.022
Guatemala,GTM,2017,1.227
Guatemala,GTM,2018,1.313
Guatemala,GTM,2020,2.308
Guinea,GIN,2000,0.456
Guinea,GIN,2004,0.492
Guinea,GIN,2014,0.555
Guinea,GIN,2015,0.41
Guinea,GIN,2016,0.122
Guinea,GIN,2018,0.573
Guinea,GIN,2022,0.371
Guinea-Bissau,GNB,2004,0.796
Guinea-Bissau,GNB,2008,0.64
Guinea-Bissau,GNB,2009,0.682
Guinea-Bissau,GNB,2011,0.546
Guinea-Bissau,GNB,2013,0.518
Guinea-Bissau,GNB,2014,0.508
Guinea-Bissau,GNB,2015,0.539
Guinea-Bissau,GNB,2016,0.569
Guinea-Bissau,GNB,2018,0.387
Guinea-Bissau,GNB,2020,0.772
Guinea-Bissau,GNB,2021,1.053
Guinea-Bissau,GNB,2022,0.986
Guyana,GUY,2000,2.29
Guyana,GUY,2009,1.316
Guyana,GUY,2010,1.008
Guyana,GUY,2013,0.728
Guyana,GUY,2014,0.638
Guyana,GUY,2015,0.709
Guyana,GUY,2016,0.744
Guyana,GUY,2017,0.799
Guyana,GUY,2018,1.031
Guyana,GUY,2019,2.657
Guyana,GUY,2020,3.483
Haiti,HTI,1998,0.104
Haiti,HTI,2011,1.204
Haiti,HTI,2015,0.286
Haiti,HTI,2018,0.402
High-income countries,,2000,7.856763
High-income countries,,2010,8.601539
High-income countries,,2021,9.808648
Honduras,HND,2000,1.281
Honduras,HND,2005,1.031
Honduras,HND,2010,0.846
Honduras,HND,2013,0.686
Honduras,HND,2014,0.664
Honduras,HND,2015,0.65
Honduras,HND,2016,0.718
Honduras,HND,2017,0.716
Honduras,HND,2018,0.713
Hong Kong,HKG,2013,6.913
Hong Kong,HKG,2014,7.17
Hong Kong,HKG,2015,7.422
Hong Kong,HKG,2016,7.656
Hong Kong,HKG,2017,7.886
Hong Kong,HKG,2018,8.176
Hungary,HUN,1990,5.445
Hungary,HUN,1991,5.079
Hungary,HUN,1992,5.364
Hungary,HUN,1993,5.692
Hungary,HUN,1994,5.702
Hungary,HUN,1995,5.582
Hungary,HUN,1996,5.65
Hungary,HUN,1997,5.557
Hungary,HUN,1998,5.693
Hungary,HUN,1999,5.596
Hungary,HUN,2000,5.488
Hungary,HUN,2001,5.725
Hungary,HUN,2002,5.892
Hungary,HUN,2003,5.978
Hungary,HUN,2004,5.98
Hungary,HUN,2005,6.154
Hungary,HUN,2006,6.402
Hungary,HUN,2007,6.118
Hungary,HUN,2008,6.329
Hungary,HUN,2009,6.393
Hungary,HUN,2010,6.392
Hungary,HUN,2011,6.396
Hungary,HUN,2012,6.496
Hungary,HUN,2013,6.596
Hungary,HUN,2014,6.583
Hungary,HUN,2015,6.64
Hungary,HUN,2016,6.601
Hungary,HUN,2017,6.763
Hungary,HUN,2018,6.867
Hungary,HUN,2019,6.858
Hungary,HUN,2020,6.818
Hungary,HUN,2021,5.506
Iceland,ISL,1990,13.26
Iceland,ISL,1991,13.26
Iceland,ISL,1992,13.22
Iceland,ISL,1993,13.48
Iceland,ISL,1994,13.58
Iceland,ISL,1995,13.09
Iceland,ISL,1996,13.09
Iceland,ISL,1997,13.84
Iceland,ISL,1998,14.25
Iceland,ISL,1999,14.14
Iceland,ISL,2000,13.98
Iceland,ISL,2001,13.9
Iceland,ISL,2002,13.98
Iceland,ISL,2003,14.37
Iceland,ISL,2004,14.44
Iceland,ISL,2005,14.74
Iceland,ISL,2006,14.49
Iceland,ISL,2007,14.77
Iceland,ISL,2008,15.66
Iceland,ISL,2009,16.06
Iceland,ISL,2010,15.32
Iceland,ISL,2011,15.68
Iceland,ISL,2012,15.95
Iceland,ISL,2013,16.26
Iceland,ISL,2014,16.14
Iceland,ISL,2015,16.27
Iceland,ISL,2016,15
Iceland,ISL,2017,15.29
Iceland,ISL,2018,15.47
Iceland,ISL,2019,16.15
Iceland,ISL,2020,16.33
Iceland,ISL,2021,15.8
Iceland,ISL,2022,15.95
India,IND,1991,0.376
India,IND,2000,1.162
India,IND,2001,1.177
India,IND,2003,1.238
India,IND,2004,1.252
India,IND,2005,1.283
India,IND,2017,2.084
India,IND,2018,1.707
India,IND,2020,1.728
Indonesia,IDN,1992,0.624
Indonesia,IDN,2003,0.807
Indonesia,IDN,2015,1.296
Indonesia,IDN,2017,2.054
Indonesia,IDN,2018,3.122
Indonesia,IDN,2019,3.822
Indonesia,IDN,2020,3.978
Indonesia,IDN,2021,4.096
Indonesia,IDN,2022,4.173
Iran,IRN,2004,1.394
Iran,IRN,2005,1.397
Iran,IRN,2006,1.672
Iran,IRN,2011,1.953
Iran,IRN,2014,1.515
Iran,IRN,2015,1.814
Iran,IRN,2017,2.51
Iran,IRN,2018,1.984
Iraq,IRQ,2005,1.32
Iraq,IRQ,2007,1.049
Iraq,IRQ,2013,1.948
Iraq,IRQ,2014,1.801
Iraq,IRQ,2015,1.574
Iraq,IRQ,2016,1.623
Iraq,IRQ,2017,1.718
Iraq,IRQ,2018,1.936
Iraq,IRQ,2019,2.292
Iraq,IRQ,2020,2.256
Iraq,IRQ,2021,2.438
Iraq,IRQ,2022,2.623
Ireland,IRL,1994,11.58
Ireland,IRL,1995,12
Ireland,IRL,1996,12.43
Ireland,IRL,1997,12.95
Ireland,IRL,1998,13.21
Ireland,IRL,1999,13.69
Ireland,IRL,2000,14.08
Ireland,IRL,2001,14.9
Ireland,IRL,2002,15.43
Ireland,IRL,2003,14.9
Ireland,IRL,2004,12.45
Ireland,IRL,2005,12.33
Ireland,IRL,2006,12.66
Ireland,IRL,2007,13.76
Ireland,IRL,2008,13.67
Ireland,IRL,2009,13.03
Ireland,IRL,2010,13.55
Ireland,IRL,2011,13.5
Ireland,IRL,2012,13.08
Ireland,IRL,2013,12.65
Ireland,IRL,2014,12.27
Ireland,IRL,2015,12.44
Ireland,IRL,2016,11.66
Ireland,IRL,2017,14.48
Ireland,IRL,2018,12.97
Ireland,IRL,2019,15.6
Ireland,IRL,2020,18.43
Ireland,IRL,2021,13.73
Ireland,IRL,2022,14.34
Israel,ISR,1995,7.92
Israel,ISR,1996,5.369
Israel,ISR,1997,5.328
Israel,ISR,1998,5.435
Israel,ISR,1999,5.55
Israel,ISR,2000,5.818
Israel,ISR,2001,5.899
Israel,ISR,2002,5.825
Israel,ISR,2003,5.688
Israel,ISR,2004,5.548
Israel,ISR,2005,5.618
Israel,ISR,2006,5.605
Israel,ISR,2007,5.489
Israel,ISR,2008,5.264
Israel,ISR,2009,5.137
Israel,ISR,2010,5.117
Israel,ISR,2011,5.228
Israel,ISR,2012,5.252
Israel,ISR,2013,5.305
Israel,ISR,2014,5.315
Israel,ISR,2015,5.353
Israel,ISR,2016,5.472
Israel,ISR,2017,5.56
Israel,ISR,2018,5.534
Israel,ISR,2019,5.553
Israel,ISR,2020,5.675
Israel,ISR,2021,5.913
Israel,ISR,2022,5.864
Italy,ITA,2000,5.738
Italy,ITA,2001,5.787
Italy,ITA,2002,5.849
Italy,ITA,2003,5.484
Italy,ITA,2004,5.356
Italy,ITA,2005,5.218
Italy,ITA,2006,5.382
Italy,ITA,2007,5.506
Italy,ITA,2008,5.501
Italy,ITA,2009,5.497
Italy,ITA,2010,5.47
Italy,ITA,2011,5.443
Italy,ITA,2012,5.355
Italy,ITA,2013,5.323
Italy,ITA,2014,5.576
Italy,ITA,2015,5.748
Italy,ITA,2016,5.889
Italy,ITA,2017,6.128
Italy,ITA,2018,6.075
Italy,ITA,2019,6.445
Italy,ITA,2020,6.56
Italy,ITA,2021,6.487
Italy,ITA,2022,7.71
Jamaica,JAM,2003,1.65
Jamaica,JAM,2008,1.081
Jamaica,JAM,2012,1.557
Jamaica,JAM,2013,1.479
Jamaica,JAM,2014,1.474
Jamaica,JAM,2015,1.501
Jamaica,JAM,2016,1.664
Jamaica,JAM,2017,1.668
Jamaica,JAM,2018,0.984
Japan,JPN,1990,6.3729
Japan,JPN,1992,6.7448
Japan,JPN,1994,7.2509
Japan,JPN,1996,7.7699
Japan,JPN,1998,8.2161
Japan,JPN,2000,8.6546
Japan,JPN,2002,8.612
Japan,JPN,2004,8.971
Japan,JPN,2006,9.32
Japan,JPN,2008,9.774
Japan,JPN,2010,10.31
Japan,JPN,2012,10.74
Japan,JPN,2014,11.18
Japan,JPN,2016,11.59
Japan,JPN,2018,12.04
Japan,JPN,2020,12.45
Jordan,JOR,1998,2.867
Jordan,JOR,1999,2.965
Jordan,JOR,2000,3.079
Jordan,JOR,2001,3.082
Jordan,JOR,2002,2.845
Jordan,JOR,2003,3
Jordan,JOR,2004,3.289
Jordan,JOR,2005,3.069
Jordan,JOR,2006,3.261
Jordan,JOR,2007,2.916
Jordan,JOR,2008,2.923
Jordan,JOR,2009,3.557
Jordan,JOR,2010,3.702
Jordan,JOR,2013,3.802
Jordan,JOR,2014,3.539
Jordan,JOR,2017,3.219
Jordan,JOR,2018,2.688
Jordan,JOR,2019,3.16
Kazakhstan,KAZ,1990,9.763
Kazakhstan,KAZ,1991,10.57
Kazakhstan,KAZ,1992,10.37
Kazakhstan,KAZ,1993,9.846
Kazakhstan,KAZ,1994,9.331
Kazakhstan,KAZ,1995,9.096
Kazakhstan,KAZ,1996,8.346
Kazakhstan,KAZ,1997,7.266
Kazakhstan,KAZ,1998,6.87
Kazakhstan,KAZ,1999,6.527
Kazakhstan,KAZ,2000,6.047
Kazakhstan,KAZ,2001,6.298
Kazakhstan,KAZ,2002,6.489
Kazakhstan,KAZ,2003,6.538
Kazakhstan,KAZ,2004,6.661
Kazakhstan,KAZ,2005,6.77
Kazakhstan,KAZ,2006,7.148
Kazakhstan,KAZ,2007,7.244
Kazakhstan,KAZ,2008,6.954
Kazakhstan,KAZ,2009,7.466
Kazakhstan,KAZ,2010,7.547
Kazakhstan,KAZ,2011,7.745
Kazakhstan,KAZ,2012,7.899
Kazakhstan,KAZ,2013,7.878
Kazakhstan,KAZ,2014,7.082
Kazakhstan,KAZ,2015,7.186
Kazakhstan,KAZ,2016,7.384
Kazakhstan,KAZ,2017,6.963
Kazakhstan,KAZ,2018,6.759
Kazakhstan,KAZ,2019,6.858
Kazakhstan,KAZ,2020,6.939
Kenya,KEN,2004,0.464
Kenya,KEN,2008,0.359
Kenya,KEN,2009,0.395
Kenya,KEN,2010,0.715
Kenya,KEN,2011,1.41
Kenya,KEN,2012,1.413
Kenya,KEN,2013,0.9
Kenya,KEN,2014,0.945
Kenya,KEN,2015,0.884
Kenya,KEN,2016,1.061
Kenya,KEN,2017,1.086
Kenya,KEN,2018,1.199
Kenya,KEN,2021,0.653
Kenya,KEN,2022,0.644
Kiribati,KIR,1998,2.226
Kiribati,KIR,2004,2.703
Kiribati,KIR,2008,3.471
Kiribati,KIR,2010,3.741
Kiribati,KIR,2011,3.749
Kiribati,KIR,2013,5.472
Kiribati,KIR,2018,3.622
Kuwait,KWT,2001,4.618
Kuwait,KWT,2006,4.171
Kuwait,KWT,2007,4.321
Kuwait,KWT,2008,4.685
Kuwait,KWT,2009,4.848
Kuwait,KWT,2010,6.637
Kuwait,KWT,2011,6.551
Kuwait,KWT,2012,6.334
Kuwait,KWT,2013,6.001
Kuwait,KWT,2014,6.536
Kuwait,KWT,2015,7.018
Kuwait,KWT,2016,6.93
Kuwait,KWT,2017,7.226
Kuwait,KWT,2018,7.106
Kuwait,KWT,2020,4.587
Kyrgyzstan,KGZ,1990,10.24
Kyrgyzstan,KGZ,1991,10.37
Kyrgyzstan,KGZ,1992,10.28
Kyrgyzstan,KGZ,1993,9.908
Kyrgyzstan,KGZ,1994,9.674
Kyrgyzstan,KGZ,1995,9.419
Kyrgyzstan,KGZ,1996,9.12
Kyrgyzstan,KGZ,1997,8.662
Kyrgyzstan,KGZ,1998,8.471
Kyrgyzstan,KGZ,1999,8.35
Kyrgyzstan,KGZ,2000,7.93
Kyrgyzstan,KGZ,2001,7.395
Kyrgyzstan,KGZ,2002,6.961
Kyrgyzstan,KGZ,2003,6.739
Kyrgyzstan,KGZ,2004,6.472
Kyrgyzstan,KGZ,2005,6.194
Kyrgyzstan,KGZ,2006,5.875
Kyrgyzstan,KGZ,2007,5.759
Kyrgyzstan,KGZ,2008,5.609
Kyrgyzstan,KGZ,2009,5.597
Kyrgyzstan,KGZ,2010,5.583
Kyrgyzstan,KGZ,2011,5.803
Kyrgyzstan,KGZ,2012,5.923
Kyrgyzstan,KGZ,2013,5.986
Kyrgyzstan,KGZ,2014,4.99
Kyrgyzstan,KGZ,2015,5
Kyrgyzstan,KGZ,2016,4.968
Kyrgyzstan,KGZ,2017,4.841
Kyrgyzstan,KGZ,2018,4.717
Kyrgyzstan,KGZ,2019,4.486
Kyrgyzstan,KGZ,2020,4.423
Laos,LAO,1995,1.236
Laos,LAO,2000,1.004
Laos,LAO,2004,0.971
Laos,LAO,2005,0.978
Laos,LAO,2009,0.854
Laos,LAO,2010,0.847
Laos,LAO,2012,0.858
Laos,LAO,2013,0.95
Laos,LAO,2014,1.269
Laos,LAO,2015,1.212
Laos,LAO,2016,1.255
Laos,LAO,2017,1.203
Laos,LAO,2018,1.181
Laos,LAO,2020,1.183
Latin America and Caribbean (WB),,1990,1.2425507
Latin America and Caribbean (WB),,2000,2.5558736
Latin America and Caribbean (WB),,2021,3.719573
Latvia,LVA,1990,6.209
Latvia,LVA,1991,6.257
Latvia,LVA,1992,5.775
Latvia,LVA,1993,5.38
Latvia,LVA,1994,4.788
Latvia,LVA,1995,5.079
Latvia,LVA,1996,5.067
Latvia,LVA,1997,4.922
Latvia,LVA,1998,4.7
Latvia,LVA,1999,4.845
Latvia,LVA,2000,4.733
Latvia,LVA,2001,4.672
Latvia,LVA,2002,4.735
Latvia,LVA,2003,4.905
Latvia,LVA,2004,5.084
Latvia,LVA,2005,5.219
Latvia,LVA,2006,5.871
Latvia,LVA,2007,5.815
Latvia,LVA,2008,5.842
Latvia,LVA,2009,5.14
Latvia,LVA,2010,5.197
Latvia,LVA,2011,5.109
Latvia,LVA,2012,5.007
Latvia,LVA,2013,5.034
Latvia,LVA,2014,4.978
Latvia,LVA,2015,4.85
Latvia,LVA,2016,4.808
Latvia,LVA,2017,4.742
Latvia,LVA,2018,4.54
Latvia,LVA,2019,4.594
Latvia,LVA,2020,4.4
Latvia,LVA,2021,4.421
Lebanon,LBN,2001,0.947
Lebanon,LBN,2005,1.017
Lebanon,LBN,2007,1.441
Lebanon,LBN,2009,1.674
Lebanon,LBN,2010,1.76
Lebanon,LBN,2013,1.595
Lebanon,LBN,2014,1.665
Lebanon,LBN,2015,1.574
Lebanon,LBN,2016,1.687
Lebanon,LBN,2017,1.833
Lebanon,LBN,2018,1.929
Lesotho,LSO,2003,0.564
Lesotho,LSO,2010,0.657
Lesotho,LSO,2018,3.124
Liberia,LBR,2004,0.332
Liberia,LBR,2008,0.259
Liberia,LBR,2009,0.869
Liberia,LBR,2010,0.449
Liberia,LBR,2015,0.1013
Liberia,LBR,2018,0.645
Liberia,LBR,2019,0.551
Liberia,LBR,2020,0.646
Liberia,LBR,2021,0.492
Liberia,LBR,2022,0.794
Libya,LBY,1997,3.627
Libya,LBY,2004,4.775
Libya,LBY,2008,5.377
Libya,LBY,2009,6.758
Libya,LBY,2013,7.35
Libya,LBY,2014,7.087
Libya,LBY,2017,6.738
Lithuania,LTU,1990,10.73
Lithuania,LTU,1991,9.23
Lithuania,LTU,1992,9.198
Lithuania,LTU,1993,9.076
Lithuania,LTU,1994,9.179
Lithuania,LTU,1995,9.146
Lithuania,LTU,1996,9.172
Lithuania,LTU,1997,8.988
Lithuania,LTU,1998,8.911
Lithuania,LTU,1999,8.092
Lithuania,LTU,2000,7.801
Lithuania,LTU,2001,7.761
Lithuania,LTU,2002,7.633
Lithuania,LTU,2003,7.534
Lithuania,LTU,2004,7.469
Lithuania,LTU,2005,7.489
Lithuania,LTU,2006,7.555
Lithuania,LTU,2007,7.563
Lithuania,LTU,2008,7.695
Lithuania,LTU,2009,7.601
Lithuania,LTU,2010,7.557
Lithuania,LTU,2011,7.65
Lithuania,LTU,2012,7.699
Lithuania,LTU,2013,7.67
Lithuania,LTU,2014,7.744
Lithuania,LTU,2015,7.818
Lithuania,LTU,2016,7.847
Lithuania,LTU,2017,7.817
Lithuania,LTU,2018,7.885
Lithuania,LTU,2019,7.905
Lithuania,LTU,2020,8.046
Lithuania,LTU,2021,8.236
Lithuania,LTU,2022,9.467
Low-income countries,,2010,0.8500417
Low-income countries,,2021,1.0742427
Lower-middle-income countries,,2000,1.3990418
Lower-middle-income countries,,2021,1.6734927
Luxembourg,LUX,1995,7.147
Luxembourg,LUX,1996,7.374
Luxembourg,LUX,1997,7.534
Luxembourg,LUX,1998,7.469
Luxembourg,LUX,1999,7.547
Luxembourg,LUX,2000,7.615
Luxembourg,LUX,2001,7.684
Luxembourg,LUX,2002,8
Luxembourg,LUX,2003,9.196
Luxembourg,LUX,2004,9.369
Luxembourg,LUX,2005,11.3
Luxembourg,LUX,2006,11.27
Luxembourg,LUX,2007,11.17
Luxembourg,LUX,2008,11.45
Luxembourg,LUX,2009,11.47
Luxembourg,LUX,2010,11.41
Luxembourg,LUX,2011,11.64
Luxembourg,LUX,2012,12.3
Luxembourg,LUX,2013,12.31
Luxembourg,LUX,2014,12.32
Luxembourg,LUX,2015,12.28
Luxembourg,LUX,2016,12.08
Luxembourg,LUX,2017,12.08
Macao,MAC,2013,3.124
Macao,MAC,2014,3.294
Macao,MAC,2015,3.705
Macao,MAC,2016,3.737
Macao,MAC,2017,3.754
Macao,MAC,2018,3.785
Madagascar,MDG,2002,0.305
Madagascar,MDG,2003,0.296
Madagascar,MDG,2004,0.278
Madagascar,MDG,2005,0.342
Madagascar,MDG,2006,0.295
Madagascar,MDG,2007,0.287
Madagascar,MDG,2008,0.274
Madagascar,MDG,2009,0.237
Madagascar,MDG,2010,0.217
Madagascar,MDG,2011,0.212
Madagascar,MDG,2012,0.212
Madagascar,MDG,2013,0.29
Madagascar,MDG,2018,0.292
Malawi,MWI,2004,0.585
Malawi,MWI,2008,0.281
Malawi,MWI,2009,0.337
Malawi,MWI,2013,0.224
Malawi,MWI,2016,0.295
Malawi,MWI,2018,0.433
Malawi,MWI,2020,0.7
Malawi,MWI,2022,0.5
Malaysia,MYS,2000,1.693
Malaysia,MYS,2002,1.797
Malaysia,MYS,2008,2.633
Malaysia,MYS,2010,3.141
Malaysia,MYS,2011,3.326
Malaysia,MYS,2012,3.738
Malaysia,MYS,2013,3.82
Malaysia,MYS,2014,3.91
Malaysia,MYS,2015,4.076
Malaysia,MYS,2016,4.084
Malaysia,MYS,2017,4.108
Malaysia,MYS,2018,4.169
Malaysia,MYS,2019,3.394
Maldives,MDV,1991,0.646
Maldives,MDV,1993,0.765
Maldives,MDV,1996,1.369
Maldives,MDV,2004,2.933
Maldives,MDV,2007,4.734
Maldives,MDV,2009,5.289
Maldives,MDV,2010,5.166
Maldives,MDV,2014,5.606
Maldives,MDV,2015,6.864
Maldives,MDV,2016,2.501
Maldives,MDV,2017,3.512
Maldives,MDV,2018,6.09
Maldives,MDV,2019,5.061
Maldives,MDV,2020,4.897
Mali,MLI,2004,0.654
Mali,MLI,2007,0.168
Mali,MLI,2009,0.43
Mali,MLI,2010,0.432
Mali,MLI,2011,0.356
Mali,MLI,2012,0.365
Mali,MLI,2016,0.397
Mali,MLI,2018,0.422
Mali,MLI,2022,0.352
Malta,MLT,2001,3.662
Malta,MLT,2002,5.392
Malta,MLT,2003,5.392
Malta,MLT,2004,5.528
Malta,MLT,2005,5.717
Malta,MLT,2006,5.863
Malta,MLT,2007,6.164
Malta,MLT,2008,6.732
Malta,MLT,2009,6.527
Malta,MLT,2010,6.777
Malta,MLT,2011,6.967
Malta,MLT,2012,6.913
Malta,MLT,2013,7.202
Malta,MLT,2014,8.071
Malta,MLT,2015,7.948
Malta,MLT,2016,8.373
Malta,MLT,2017,8.305
Malta,MLT,2018,8.159
Malta,MLT,2019,8.217
Malta,MLT,2020,8.508
Marshall Islands,MHL,2000,2.98
Marshall Islands,MHL,2007,3.482
Marshall Islands,MHL,2010,2.378
Marshall Islands,MHL,2011,3.679
Marshall Islands,MHL,2012,3.582
Marshall Islands,MHL,2018,4.239
Mauritania,MRT,2004,0.642
Mauritania,MRT,2009,0.693
Mauritania,MRT,2010,0.82
Mauritania,MRT,2014,1.001
Mauritania,MRT,2015,1.048
Mauritania,MRT,2017,1.099
Mauritania,MRT,2018,1.109
Mauritania,MRT,2019,1.209
Mauritania,MRT,2020,1.182
Mauritania,MRT,2021,1.605
Mauritania,MRT,2022,1.656
Mauritius,MUS,2004,3.682
Mauritius,MUS,2007,2.597
Mauritius,MUS,2008,2.665
Mauritius,MUS,2009,2.735
Mauritius,MUS,2010,2.805
Mauritius,MUS,2011,2.853
Mauritius,MUS,2012,2.9
Mauritius,MUS,2013,3.07
Mauritius,MUS,2014,3.193
Mauritius,MUS,2015,3.295
Mauritius,MUS,2016,3.195
Mauritius,MUS,2017,3.433
Mauritius,MUS,2018,3.849
Mauritius,MUS,2022,3.001
Mexico,MEX,1990,1.802
Mexico,MEX,1991,1.943
Mexico,MEX,1992,2.039
Mexico,MEX,1993,2.081
Mexico,MEX,1994,2.136
Mexico,MEX,1995,2.174
Mexico,MEX,1996,2.164
Mexico,MEX,1997,2.14
Mexico,MEX,1998,2.169
Mexico,MEX,1999,2.218
Mexico,MEX,2000,3.161
Mexico,MEX,2001,2.247
Mexico,MEX,2002,2.24
Mexico,MEX,2003,2.151
Mexico,MEX,2004,2.124
Mexico,MEX,2005,2.217
Mexico,MEX,2006,2.236
Mexico,MEX,2007,2.302
Mexico,MEX,2008,2.33
Mexico,MEX,2009,2.393
Mexico,MEX,2010,2.445
Mexico,MEX,2011,2.543
Mexico,MEX,2012,2.582
Mexico,MEX,2013,2.841
Mexico,MEX,2014,2.716
Mexico,MEX,2015,2.794
Mexico,MEX,2016,2.898
Mexico,MEX,2017,2.896
Mexico,MEX,2018,2.903
Mexico,MEX,2019,2.88
Mexico,MEX,2020,2.956
Mexico,MEX,2021,2.991
Micronesia (country),FSM,2000,3.8827
Micronesia (country),FSM,2003,2.3408
Micronesia (country),FSM,2005,2.3446
Micronesia (country),FSM,2008,2.6794
Micronesia (country),FSM,2009,3.6058
Micronesia (country),FSM,2010,3.319
Micronesia (country),FSM,2018,2.074
Micronesia (country),FSM,2019,2.199
"Middle East, North Africa, Afghanistan and Pakistan (WB)",,2010,1.4546602
"Middle East, North Africa, Afghanistan and Pakistan (WB)",,2021,1.6015548
Moldova,MDA,1990,10.78
Moldova,MDA,1991,10.92
Moldova,MDA,1992,10.88
Moldova,MDA,1993,10.88
Moldova,MDA,1994,10.65
Moldova,MDA,1995,10.13
Moldova,MDA,1996,9.806
Moldova,MDA,1997,10.16
Moldova,MDA,1998,9.826
Moldova,MDA,1999,8.558
Moldova,MDA,2000,5.6
Moldova,MDA,2001,5.517
Moldova,MDA,2002,5.582
Moldova,MDA,2003,5.491
Moldova,MDA,2004,5.337
Moldova,MDA,2005,5.87
Moldova,MDA,2006,5.906
Moldova,MDA,2007,6.016
Moldova,MDA,2008,6.064
Moldova,MDA,2009,6.148
Moldova,MDA,2010,6.275
Moldova,MDA,2011,6.405
Moldova,MDA,2012,6.514
Moldova,MDA,2013,6.544
Moldova,MDA,2014,6.481
Moldova,MDA,2015,6.215
Moldova,MDA,2016,6.654
Moldova,MDA,2017,6.285
Moldova,MDA,2018,6.171
Moldova,MDA,2019,5.114
Moldova,MDA,2020,6.118
Monaco,MCO,1992,14.94
Monaco,MCO,1995,14.73
Monaco,MCO,2011,17.99
Monaco,MCO,2012,18.93
Monaco,MCO,2013,19.6
Monaco,MCO,2014,20.83
Mongolia,MNG,2002,3.538
Mongolia,MNG,2008,3.647
Mongolia,MNG,2009,3.632
Mongolia,MNG,2010,3.654
Mongolia,MNG,2011,3.697
Mongolia,MNG,2012,3.826
Mongolia,MNG,2013,3.854
Mongolia,MNG,2014,4.077
Mongolia,MNG,2015,4.14
Mongolia,MNG,2016,4.102
Mongolia,MNG,2017,4.164
Mongolia,MNG,2018,4.222
Montenegro,MNE,2005,5.228
Montenegro,MNE,2006,5.254
Montenegro,MNE,2007,5.366
Montenegro,MNE,2008,5.462
Montenegro,MNE,2009,5.517
Montenegro,MNE,2010,5.227
Montenegro,MNE,2011,5.071
Montenegro,MNE,2012,4.881
Montenegro,MNE,2013,5.327
Montenegro,MNE,2014,5.381
Montenegro,MNE,2015,4.946
Montenegro,MNE,2016,4.953
Montenegro,MNE,2017,5.06
Montenegro,MNE,2018,5.199
Montenegro,MNE,2019,5.238
Montenegro,MNE,2020,5.364
Montenegro,MNE,2021,5.676
Montenegro,MNE,2022,5.993
Morocco,MAR,2004,0.81
Morocco,MAR,2009,0.927
Morocco,MAR,2013,0.97
Morocco,MAR,2014,0.942
Morocco,MAR,2017,1.391
Mozambique,MOZ,1999,0.282
Mozambique,MOZ,2000,0.286
Mozambique,MOZ,2001,0.281
Mozambique,MOZ,2002,0.301
Mozambique,MOZ,2003,0.3
Mozambique,MOZ,2004,0.33
Mozambique,MOZ,2005,0.335
Mozambique,MOZ,2006,0.344
Mozambique,MOZ,2007,0.369
Mozambique,MOZ,2008,0.396
Mozambique,MOZ,2009,0.403
Mozambique,MOZ,2010,0.412
Mozambique,MOZ,2011,0.4
Mozambique,MOZ,2012,0.412
Mozambique,MOZ,2013,0.424
Mozambique,MOZ,2014,0.422
Mozambique,MOZ,2015,0.45
Mozambique,MOZ,2016,0.483
Mozambique,MOZ,2017,0.482
Mozambique,MOZ,2018,0.482
Mozambique,MOZ,2019,0.474
Mozambique,MOZ,2020,0.486
Mozambique,MOZ,2021,0.568
Mozambique,MOZ,2022,0.512
Myanmar,MMR,2005,0.765
Myanmar,MMR,2006,0.806
Myanmar,MMR,2007,0.828
Myanmar,MMR,2008,0.85
Myanmar,MMR,2009,0.883
Myanmar,MMR,2010,0.915
Myanmar,MMR,2011,0.943
Myanmar,MMR,2012,0.973
Myanmar,MMR,2016,1.057
Myanmar,MMR,2018,1.019
Myanmar,MMR,2019,1.103
Namibia,NAM,2004,3.169
Namibia,NAM,2007,2.859
Namibia,NAM,2013,1.864
Namibia,NAM,2014,1.878
Namibia,NAM,2015,1.912
Namibia,NAM,2016,2.073
Namibia,NAM,2017,2.052
Namibia,NAM,2018,2.208
Namibia,NAM,2019,2.415
Namibia,NAM,2020,2.589
Namibia,NAM,2021,2.835
Namibia,NAM,2022,3.355
Nauru,NRU,1995,5.825
Nauru,NRU,2004,6.117
Nauru,NRU,2008,6.765
Nauru,NRU,2011,6.796
Nauru,NRU,2015,6.25
Nauru,NRU,2018,7.059
Nepal,NPL,2004,0.455
Nepal,NPL,2012,1.578
Nepal,NPL,2013,1.841
Nepal,NPL,2014,2.094
Nepal,NPL,2017,2.792
Nepal,NPL,2018,3.064
Nepal,NPL,2019,3.279
Nepal,NPL,2020,3.318
Nepal,NPL,2021,3.489
Netherlands,NLD,1999,10.25
Netherlands,NLD,2000,10.41
Netherlands,NLD,2001,10.75
Netherlands,NLD,2002,11.05
Netherlands,NLD,2003,11.31
Netherlands,NLD,2004,11.41
Netherlands,NLD,2005,11.54
Netherlands,NLD,2006,11.56
Netherlands,NLD,2007,11.53
Netherlands,NLD,2008,11.81
Netherlands,NLD,2009,11.82
Netherlands,NLD,2010,11.92
Netherlands,NLD,2011,12.07
Netherlands,NLD,2012,12.28
Netherlands,NLD,2013,12.39
Netherlands,NLD,2014,10.49
Netherlands,NLD,2015,10.68
Netherlands,NLD,2016,10.84
Netherlands,NLD,2017,11.13
Netherlands,NLD,2018,11.37
Netherlands,NLD,2019,11
Netherlands,NLD,2020,11.34
Netherlands,NLD,2021,11.66
New Zealand,NZL,1990,9.2
New Zealand,NZL,1991,9.317
New Zealand,NZL,1992,8.793
New Zealand,NZL,1993,9.354
New Zealand,NZL,1994,9.576
New Zealand,NZL,1995,9.723
New Zealand,NZL,1996,9.737
New Zealand,NZL,1997,9.009
New Zealand,NZL,1998,9.649
New Zealand,NZL,1999,9.592
New Zealand,NZL,2000,9.591
New Zealand,NZL,2001,10.14
New Zealand,NZL,2002,9.395
New Zealand,NZL,2003,9.083
New Zealand,NZL,2004,9.429
New Zealand,NZL,2005,9.713
New Zealand,NZL,2006,9.401
New Zealand,NZL,2007,9.8
New Zealand,NZL,2008,10.33
New Zealand,NZL,2009,10.3
New Zealand,NZL,2010,10.63
New Zealand,NZL,2011,10.71
New Zealand,NZL,2012,10.59
New Zealand,NZL,2013,10.58
New Zealand,NZL,2014,10.66
New Zealand,NZL,2015,10.83
New Zealand,NZL,2016,10.89
New Zealand,NZL,2017,10.83
New Zealand,NZL,2018,10.9
New Zealand,NZL,2019,10.84
New Zealand,NZL,2020,11.22
New Zealand,NZL,2021,11.43
New Zealand,NZL,2022,11.74
Nicaragua,NIC,2003,1.101
Nicaragua,NIC,2005,1.154
Nicaragua,NIC,2006,1.155
Nicaragua,NIC,2007,1.179
Nicaragua,NIC,2008,1.287
Nicaragua,NIC,2009,1.297
Nicaragua,NIC,2010,1.258
Nicaragua,NIC,2011,1.357
Nicaragua,NIC,2012,1.359
Nicaragua,NIC,2013,1.347
Nicaragua,NIC,2014,1.341
Nicaragua,NIC,2015,1.35
Nicaragua,NIC,2016,1.447
Nicaragua,NIC,2017,1.53
Niger,NER,2004,0.211
Niger,NER,2008,0.137
Niger,NER,2009,0.202
Niger,NER,2013,0.221
Niger,NER,2014,0.305
Niger,NER,2015,0.203
Niger,NER,2016,0.268
Niger,NER,2018,0.222
Niger,NER,2022,0.202
Nigeria,NGA,2003,1.58
Nigeria,NGA,2005,1.519
Nigeria,NGA,2006,1.485
Nigeria,NGA,2007,1.48
Nigeria,NGA,2008,1.476
Nigeria,NGA,2009,1.061
Nigeria,NGA,2010,1.336
Nigeria,NGA,2013,1.008
Nigeria,NGA,2016,1.73
Nigeria,NGA,2018,0.914
Nigeria,NGA,2019,1.483
Nigeria,NGA,2021,1.564
Nigeria,NGA,2022,1.682
North America (WB),,1990,10.669928
North America (WB),,2000,10.141069
North America (WB),,2010,10.734027
North America (WB),,2021,11.717888
North Korea,PRK,2003,3.928
North Korea,PRK,2008,4.118
North Korea,PRK,2017,4.434
North Macedonia,MKD,2000,3.558
North Macedonia,MKD,2001,3.557
North Macedonia,MKD,2002,3.695
North Macedonia,MKD,2003,3.493
North Macedonia,MKD,2004,3.5
North Macedonia,MKD,2005,3.373
North Macedonia,MKD,2006,3.429
North Macedonia,MKD,2007,3.702
North Macedonia,MKD,2008,3.97
North Macedonia,MKD,2009,4.055
North Macedonia,MKD,2010,4.146
North Macedonia,MKD,2011,4.142
North Macedonia,MKD,2012,4.101
North Macedonia,MKD,2013,4.152
North Macedonia,MKD,2014,4.461
North Macedonia,MKD,2015,4.528
North Macedonia,MKD,2016,4.684
North Macedonia,MKD,2017,4.672
North Macedonia,MKD,2018,4.792
North Macedonia,MKD,2019,4.891
North Macedonia,MKD,2020,4.832
Norway,NOR,2002,14.22
Norway,NOR,2003,14.67
Norway,NOR,2004,15.08
Norway,NOR,2005,15.51
Norway,NOR,2006,15.84
Norway,NOR,2007,15.98
Norway,NOR,2008,16.1
Norway,NOR,2009,16.45
Norway,NOR,2010,16.65
Norway,NOR,2011,16.94
Norway,NOR,2012,17.07
Norway,NOR,2013,17.21
Norway,NOR,2014,17.44
Norway,NOR,2015,17.87
Norway,NOR,2016,18.03
Norway,NOR,2017,18.22
Norway,NOR,2018,18.3
Norway,NOR,2019,18.43
Norway,NOR,2020,18.56
Norway,NOR,2021,18.89
Oman,OMN,1990,2.298
Oman,OMN,1995,2.778
Oman,OMN,1997,2.579
Oman,OMN,1998,2.792
Oman,OMN,1999,2.784
Oman,OMN,2000,3.34
Oman,OMN,2004,3.543
Oman,OMN,2005,3.688
Oman,OMN,2006,3.755
Oman,OMN,2007,3.989
Oman,OMN,2008,4.237
Oman,OMN,2009,4.486
Oman,OMN,2010,4.464
Oman,OMN,2011,4.44
Oman,OMN,2012,4.42
Oman,OMN,2013,4.436
Oman,OMN,2014,4.688
Oman,OMN,2015,4.612
Oman,OMN,2016,4.493
Oman,OMN,2017,4.39
Oman,OMN,2018,4.405
Oman,OMN,2019,4.415
Oman,OMN,2020,4.426
Oman,OMN,2021,4.507
Oman,OMN,2022,4.817
Pakistan,PAK,1992,0.303
Pakistan,PAK,1993,0.31
Pakistan,PAK,1994,0.319
Pakistan,PAK,1995,0.319
Pakistan,PAK,1996,0.338
Pakistan,PAK,1997,0.357
Pakistan,PAK,1998,0.378
Pakistan,PAK,1999,0.39
Pakistan,PAK,2000,0.389
Pakistan,PAK,2001,0.394
Pakistan,PAK,2004,0.421
Pakistan,PAK,2008,0.489
Pakistan,PAK,2009,0.503
Pakistan,PAK,2010,0.516
Pakistan,PAK,2011,0.391
Pakistan,PAK,2012,0.406
Pakistan,PAK,2013,0.492
Pakistan,PAK,2014,0.434
Pakistan,PAK,2015,0.449
Pakistan,PAK,2016,0.465
Pakistan,PAK,2017,0.575
Pakistan,PAK,2018,0.925
Pakistan,PAK,2019,0.469
Palau,PLW,1998,5.979
Palau,PLW,2004,6.03
Palau,PLW,2006,6.02
Palau,PLW,2009,5.957
Palau,PLW,2010,6.432
Palau,PLW,2014,6.236
Palau,PLW,2018,7.263
Palau,PLW,2020,6.5
Palestine,PSE,2017,2.573
Palestine,PSE,2018,1.953
Panama,PAN,1990,1.004
Panama,PAN,1991,0.982
Panama,PAN,1992,0.972
Panama,PAN,1993,1.015
Panama,PAN,1994,1.034
Panama,PAN,1995,1.053
Panama,PAN,1996,1.088
Panama,PAN,1997,1.115
Panama,PAN,1998,1.104
Panama,PAN,1999,1.153
Panama,PAN,2001,1.859
Panama,PAN,2002,1.934
Panama,PAN,2003,2.217
Panama,PAN,2004,2.007
Panama,PAN,2005,2.019
Panama,PAN,2006,2.017
Panama,PAN,2010,2.49
Panama,PAN,2011,2.326
Panama,PAN,2013,2.941
Panama,PAN,2014,2.959
Panama,PAN,2015,2.77
Panama,PAN,2016,2.994
Panama,PAN,2017,3.095
Panama,PAN,2018,3.083
Panama,PAN,2019,3.216
Panama,PAN,2020,3.539
Panama,PAN,2021,3.753
Papua New Guinea,PNG,2000,0.516
Papua New Guinea,PNG,2008,0.398
Papua New Guinea,PNG,2010,0.48
Papua New Guinea,PNG,2018,0.501
Papua New Guinea,PNG,2019,0.417
Papua New Guinea,PNG,2021,0.511
Paraguay,PRY,2002,1.941
Paraguay,PRY,2012,1.129
Paraguay,PRY,2013,0.613
Paraguay,PRY,2014,0.666
Paraguay,PRY,2015,0.722
Paraguay,PRY,2016,0.761
Paraguay,PRY,2017,0.798
Paraguay,PRY,2018,1.793
Peru,PER,1999,0.652
Peru,PER,2007,3.553
Peru,PER,2009,1.299
Peru,PER,2012,1.513
Peru,PER,2013,2.193
Peru,PER,2014,2.064
Peru,PER,2015,2.05
Peru,PER,2016,2.162
Peru,PER,2017,2.202
Peru,PER,2018,2.957
Peru,PER,2021,2.613
Peru,PER,2022,2.655
Philippines,PHL,2000,4.318
Philippines,PHL,2001,4.301
Philippines,PHL,2002,4.272
Philippines,PHL,2003,4.242
Philippines,PHL,2004,4.244
Philippines,PHL,2005,4.279
Philippines,PHL,2006,4.404
Philippines,PHL,2007,4.646
Philippines,PHL,2008,5.102
Philippines,PHL,2009,5.615
Philippines,PHL,2012,4.15
Philippines,PHL,2013,4.343
Philippines,PHL,2014,4.479
Philippines,PHL,2015,4.628
Philippines,PHL,2016,4.7
Philippines,PHL,2017,4.732
Philippines,PHL,2018,4.774
Philippines,PHL,2019,4.808
Philippines,PHL,2020,4.776
Philippines,PHL,2021,4.755
Poland,POL,1990,6.089
Poland,POL,1991,5.968
Poland,POL,1992,5.941
Poland,POL,1993,5.941
Poland,POL,1994,6.068
Poland,POL,1995,6.147
Poland,POL,1996,6.248
Poland,POL,1997,6.303
Poland,POL,1998,6.19
Poland,POL,1999,5.732
Poland,POL,2000,5.496
Poland,POL,2001,5.389
Poland,POL,2002,5.373
Poland,POL,2003,5.241
Poland,POL,2004,5.448
Poland,POL,2005,5.579
Poland,POL,2006,5.585
Poland,POL,2007,5.693
Poland,POL,2008,5.715
Poland,POL,2009,5.775
Poland,POL,2010,5.788
Poland,POL,2011,5.789
Poland,POL,2013,5.787
Poland,POL,2014,5.743
Poland,POL,2015,5.702
Poland,POL,2016,5.676
Poland,POL,2017,5.617
Poland,POL,2018,5.603
Poland,POL,2019,6.282
Poland,POL,2020,6.208
Poland,POL,2021,6.341
Portugal,PRT,2002,4.007
Portugal,PRT,2003,4.187
Portugal,PRT,2004,4.36
Portugal,PRT,2005,4.576
Portugal,PRT,2006,4.833
Portugal,PRT,2007,5.118
Portugal,PRT,2008,5.36
Portugal,PRT,2009,5.627
Portugal,PRT,2010,5.896
Portugal,PRT,2011,6.103
Portugal,PRT,2012,6.216
Portugal,PRT,2013,6.289
Portugal,PRT,2014,6.374
Portugal,PRT,2015,6.534
Portugal,PRT,2016,6.725
Portugal,PRT,2017,6.944
Portugal,PRT,2018,7.158
Portugal,PRT,2019,7.344
Portugal,PRT,2020,7.552
Portugal,PRT,2021,7.789
Qatar,QAT,2001,4.936
Qatar,QAT,2005,5.75
Qatar,QAT,2006,6.093
Qatar,QAT,2008,5.835
Qatar,QAT,2009,4.717
Qatar,QAT,2010,6.195
Qatar,QAT,2014,6.219
Qatar,QAT,2016,5.068
Qatar,QAT,2017,6.072
Qatar,QAT,2018,7.236
Romania,ROU,2000,5.425
Romania,ROU,2001,5.504
Romania,ROU,2002,5.699
Romania,ROU,2003,5.603
Romania,ROU,2004,5.7
Romania,ROU,2005,5.85
Romania,ROU,2006,6.053
Romania,ROU,2007,6.112
Romania,ROU,2008,6.02
Romania,ROU,2009,6.178
Romania,ROU,2010,5.75
Romania,ROU,2011,5.842
Romania,ROU,2012,5.963
Romania,ROU,2013,6.156
Romania,ROU,2014,6.306
Romania,ROU,2015,6.548
Romania,ROU,2016,6.796
Romania,ROU,2017,7.1
Romania,ROU,2018,7.337
Romania,ROU,2019,7.638
Romania,ROU,2020,7.815
Romania,ROU,2021,8.073
Russia,RUS,1990,6.713
Russia,RUS,1991,6.256
Russia,RUS,1992,6.324
Russia,RUS,1993,6.396
Russia,RUS,1994,6.695
Russia,RUS,1995,6.754
Russia,RUS,1996,6.602
Russia,RUS,1997,6.575
Russia,RUS,1998,6.479
Russia,RUS,1999,6.504
Russia,RUS,2000,7.405
Russia,RUS,2001,7.44
Russia,RUS,2002,7.604
Russia,RUS,2003,7.66
Russia,RUS,2004,7.705
Russia,RUS,2005,7.726
Russia,RUS,2006,7.86
Russia,RUS,2007,7.857
Russia,RUS,2008,7.704
Russia,RUS,2009,7.736
Russia,RUS,2010,7.684
Russia,RUS,2011,9.167
Russia,RUS,2012,8.902
Russia,RUS,2013,9.169
Russia,RUS,2014,9.303
Russia,RUS,2015,8.986
Russia,RUS,2016,8.921
Russia,RUS,2017,8.906
Russia,RUS,2018,8.879
Russia,RUS,2019,8.887
Russia,RUS,2020,6.242
Rwanda,RWA,2004,0.413
Rwanda,RWA,2005,0.448
Rwanda,RWA,2008,0.67
Rwanda,RWA,2009,0.661
Rwanda,RWA,2011,0.64
Rwanda,RWA,2014,0.908
Rwanda,RWA,2015,0.965
Rwanda,RWA,2016,1.035
Rwanda,RWA,2018,1.182
Rwanda,RWA,2019,0.933
Saint Kitts and Nevis,KNA,1990,6.97
Saint Kitts and Nevis,KNA,1991,7.012
Saint Kitts and Nevis,KNA,1992,6.993
Saint Kitts and Nevis,KNA,1993,6.908
Saint Kitts and Nevis,KNA,1994,6
Saint Kitts and Nevis,KNA,1995,5.681
Saint Kitts and Nevis,KNA,1996,5.893
Saint Kitts and Nevis,KNA,1997,5.561
Saint Kitts and Nevis,KNA,1998,5.634
Saint Kitts and Nevis,KNA,1999,5.893
Saint Kitts and Nevis,KNA,2001,6.391
Saint Kitts and Nevis,KNA,2015,4.519
Saint Lucia,LCA,1999,2.091
Saint Lucia,LCA,2001,2.31
Saint Lucia,LCA,2003,3.037
Saint Lucia,LCA,2004,2.284
Saint Lucia,LCA,2005,1.971
Saint Lucia,LCA,2017,3.222
Saint Vincent and the Grenadines,VCT,1997,2.415
Saint Vincent and the Grenadines,VCT,2000,3.928
Saint Vincent and the Grenadines,VCT,2001,4.19
Saint Vincent and the Grenadines,VCT,2004,4.476
Saint Vincent and the Grenadines,VCT,2010,2.58
Saint Vincent and the Grenadines,VCT,2013,9.116
Saint Vincent and the Grenadines,VCT,2014,9.205
Saint Vincent and the Grenadines,VCT,2015,9.737
Saint Vincent and the Grenadines,VCT,2016,8.689
Saint Vincent and the Grenadines,VCT,2017,6.569
Saint Vincent and the Grenadines,VCT,2018,7.341
Samoa,WSM,1999,1.916
Samoa,WSM,2003,1.654
Samoa,WSM,2008,1.814
Samoa,WSM,2010,1.469
Samoa,WSM,2012,1.706
Samoa,WSM,2014,1.769
Samoa,WSM,2018,2.327
Samoa,WSM,2019,3.2
Samoa,WSM,2020,3.015
San Marino,SMR,2011,8.123
San Marino,SMR,2012,8.58
San Marino,SMR,2013,8.529
San Marino,SMR,2014,8.084
Sao Tome and Principe,STP,2004,1.953
Sao Tome and Principe,STP,2015,2.198
Sao Tome and Principe,STP,2018,1.921
Sao Tome and Principe,STP,2019,2.153
Saudi Arabia,SAU,2000,1.694
Saudi Arabia,SAU,2008,3.692
Saudi Arabia,SAU,2009,3.892
Saudi Arabia,SAU,2010,4.413
Saudi Arabia,SAU,2011,4.465
Saudi Arabia,SAU,2012,4.533
Saudi Arabia,SAU,2014,5.006
Saudi Arabia,SAU,2016,5.505
Saudi Arabia,SAU,2017,4.259
Saudi Arabia,SAU,2018,5.271
Saudi Arabia,SAU,2019,5.555
Saudi Arabia,SAU,2020,5.464
Saudi Arabia,SAU,2021,5.605
Saudi Arabia,SAU,2022,5.509
Senegal,SEN,2004,0.307
Senegal,SEN,2008,0.443
Senegal,SEN,2015,0.195
Senegal,SEN,2016,0.305
Senegal,SEN,2017,0.318
Senegal,SEN,2019,0.55
Senegal,SEN,2020,0.357
Senegal,SEN,2021,0.546
Senegal,SEN,2022,0.435
Serbia,SRB,2011,6.024
Serbia,SRB,2012,5.995
Serbia,SRB,2013,6.006
Serbia,SRB,2014,5.945
Serbia,SRB,2015,6.006
Serbia,SRB,2016,5.98
Serbia,SRB,2017,6.055
Serbia,SRB,2018,6.132
Serbia,SRB,2020,5.933
Seychelles,SYC,2004,7.485
Seychelles,SYC,2005,4.54
Seychelles,SYC,2006,4.753
Seychelles,SYC,2007,4.655
Seychelles,SYC,2008,4.542
Seychelles,SYC,2010,4.459
Seychelles,SYC,2012,4.397
Seychelles,SYC,2016,7.692
Seychelles,SYC,2018,10.76
Seychelles,SYC,2022,7.274
Sierra Leone,SLE,2004,0.219
Sierra Leone,SLE,2008,0.145
Sierra Leone,SLE,2010,0.143
Sierra Leone,SLE,2011,0.265
Sierra Leone,SLE,2013,1.191
Sierra Leone,SLE,2014,0.937
Sierra Leone,SLE,2015,0.803
Sierra Leone,SLE,2016,0.73
Sierra Leone,SLE,2017,0.779
Sierra Leone,SLE,2018,0.732
Sierra Leone,SLE,2019,0.831
Sierra Leone,SLE,2020,0.204
Sierra Leone,SLE,2022,1.119
Singapore,SGP,1999,4.02
Singapore,SGP,2001,4.222
Singapore,SGP,2004,4.526
Singapore,SGP,2005,4.642
Singapore,SGP,2006,4.664
Singapore,SGP,2007,4.789
Singapore,SGP,2008,5.004
Singapore,SGP,2009,5.347
Singapore,SGP,2010,5.682
Singapore,SGP,2011,5.105
Singapore,SGP,2012,5.466
Singapore,SGP,2013,5.548
Singapore,SGP,2014,5.699
Singapore,SGP,2015,5.948
Singapore,SGP,2016,6.105
Singapore,SGP,2017,6.182
Slovakia,SVK,1998,7.422
Slovakia,SVK,1999,7.261
Slovakia,SVK,2000,7.454
Slovakia,SVK,2001,7.267
Slovakia,SVK,2002,7.135
Slovakia,SVK,2003,6.804
Slovakia,SVK,2004,6.651
Slovakia,SVK,2005,6.331
Slovakia,SVK,2006,6.345
Slovakia,SVK,2007,6.638
Slovakia,SVK,2008,6.604
Slovakia,SVK,2009,6.398
Slovakia,SVK,2010,6.415
Slovakia,SVK,2011,6.271
Slovakia,SVK,2012,6.146
Slovakia,SVK,2013,6.077
Slovakia,SVK,2014,6.082
Slovakia,SVK,2015,6.022
Slovakia,SVK,2016,6.079
Slovakia,SVK,2017,5.969
Slovakia,SVK,2018,6.023
Slovakia,SVK,2019,6.058
Slovakia,SVK,2020,6.117
Slovakia,SVK,2021,6.043
Slovenia,SVN,1990,5.422
Slovenia,SVN,1991,6.029
Slovenia,SVN,1992,6.025
Slovenia,SVN,1993,5.894
Slovenia,SVN,1994,5.97
Slovenia,SVN,1995,6.381
Slovenia,SVN,1996,6.556
Slovenia,SVN,1997,6.691
Slovenia,SVN,1998,6.726
Slovenia,SVN,1999,6.863
Slovenia,SVN,2000,6.87
Slovenia,SVN,2001,7.16
Slovenia,SVN,2002,7.199
Slovenia,SVN,2003,7.392
Slovenia,SVN,2004,7.423
Slovenia,SVN,2005,7.49
Slovenia,SVN,2006,7.609
Slovenia,SVN,2007,7.74
Slovenia,SVN,2008,7.871
Slovenia,SVN,2009,8.047
Slovenia,SVN,2010,8.201
Slovenia,SVN,2011,8.334
Slovenia,SVN,2012,8.172
Slovenia,SVN,2013,8.327
Slovenia,SVN,2014,8.574
Slovenia,SVN,2015,8.783
Slovenia,SVN,2016,9.624
Slovenia,SVN,2017,9.87
Slovenia,SVN,2018,10.1
Slovenia,SVN,2019,10.29
Slovenia,SVN,2020,10.54
Slovenia,SVN,2021,10.59
Solomon Islands,SLB,1999,0.861
Solomon Islands,SLB,2003,1.366
Solomon Islands,SLB,2005,1.438
Solomon Islands,SLB,2009,2.046
Solomon Islands,SLB,2011,1.746
Solomon Islands,SLB,2012,1.701
Solomon Islands,SLB,2013,1.956
Solomon Islands,SLB,2018,2.144
Somalia,SOM,1997,0.191
Somalia,SOM,2006,0.09
Somalia,SOM,2014,0.113
South Africa,ZAF,1998,0.714
South Africa,ZAF,1999,0.71
South Africa,ZAF,2000,0.692
South Africa,ZAF,2001,0.68
South Africa,ZAF,2002,0.682
South Africa,ZAF,2003,0.698
South Africa,ZAF,2004,0.726
South Africa,ZAF,2005,0.757
South Africa,ZAF,2006,0.794
South Africa,ZAF,2007,0.812
South Africa,ZAF,2008,0.864
South Africa,ZAF,2009,0.94
South Africa,ZAF,2010,1.011
South Africa,ZAF,2011,1.057
South Africa,ZAF,2012,1.105
South Africa,ZAF,2018,1.23
South Africa,ZAF,2019,1.113
South Africa,ZAF,2020,1.038
South Asia (WB),,1990,0.382858
South Asia (WB),,2000,1.1625373
South Asia (WB),,2021,1.6561874
South Korea,KOR,1994,1.092
South Korea,KOR,1995,1.139
South Korea,KOR,1996,1.195
South Korea,KOR,1997,2.735
South Korea,KOR,1998,2.777
South Korea,KOR,1999,2.922
South Korea,KOR,2000,2.998
South Korea,KOR,2001,3.403
South Korea,KOR,2002,3.637
South Korea,KOR,2003,3.596
South Korea,KOR,2004,3.855
South Korea,KOR,2005,3.896
South Korea,KOR,2006,4.039
South Korea,KOR,2007,4.206
South Korea,KOR,2008,4.41
South Korea,KOR,2009,4.548
South Korea,KOR,2010,4.708
South Korea,KOR,2011,4.805
South Korea,KOR,2012,4.904
South Korea,KOR,2013,5.252
South Korea,KOR,2014,5.615
South Korea,KOR,2015,5.964
South Korea,KOR,2016,6.979
South Korea,KOR,2017,7.091
South Korea,KOR,2018,7.39
South Korea,KOR,2019,8.087
South Korea,KOR,2020,8.53
South Korea,KOR,2021,8.915
South Sudan,SSD,2018,0.358
South Sudan,SSD,2019,0.583
South Sudan,SSD,2020,0.712
Spain,ESP,1990,2.845
Spain,ESP,1991,4.136
Spain,ESP,1992,4.206
Spain,ESP,1993,4.259
Spain,ESP,1994,4.239
Spain,ESP,1995,4.323
Spain,ESP,1996,3.408
Spain,ESP,1997,3.485
Spain,ESP,1998,3.469
Spain,ESP,1999,3.518
Spain,ESP,2000,3.682
Spain,ESP,2001,4.022
Spain,ESP,2002,4.228
Spain,ESP,2003,4.442
Spain,ESP,2004,4.453
Spain,ESP,2005,4.514
Spain,ESP,2006,4.609
Spain,ESP,2007,4.759
Spain,ESP,2008,4.978
Spain,ESP,2009,5.113
Spain,ESP,2010,5.313
Spain,ESP,2011,5.386
Spain,ESP,2012,5.416
Spain,ESP,2013,5.323
Spain,ESP,2014,5.334
Spain,ESP,2015,5.472
Spain,ESP,2016,5.705
Spain,ESP,2017,5.931
Spain,ESP,2018,6.05
Spain,ESP,2019,6.077
Spain,ESP,2020,6.29
Spain,ESP,2021,6.537
Sri Lanka,LKA,1990,0.742
Sri Lanka,LKA,1991,0.807
Sri Lanka,LKA,1992,0.873
Sri Lanka,LKA,1993,1.036
Sri Lanka,LKA,1994,0.969
Sri Lanka,LKA,1995,1.089
Sri Lanka,LKA,1996,0.76
Sri Lanka,LKA,1997,0.749
Sri Lanka,LKA,1998,0.788
Sri Lanka,LKA,1999,0.753
Sri Lanka,LKA,2000,1.192
Sri Lanka,LKA,2001,0.835
Sri Lanka,LKA,2002,1.06
Sri Lanka,LKA,2004,1.705
Sri Lanka,LKA,2005,1.399
Sri Lanka,LKA,2006,1.657
Sri Lanka,LKA,2007,2.026
Sri Lanka,LKA,2008,1.482
Sri Lanka,LKA,2009,1.528
Sri Lanka,LKA,2010,1.711
Sri Lanka,LKA,2011,1.783
Sri Lanka,LKA,2012,1.79
Sri Lanka,LKA,2013,1.799
Sri Lanka,LKA,2014,1.873
Sri Lanka,LKA,2015,1.921
Sri Lanka,LKA,2016,1.911
Sri Lanka,LKA,2017,1.962
Sri Lanka,LKA,2018,2.145
Sri Lanka,LKA,2019,2.226
Sri Lanka,LKA,2020,2.461
Sri Lanka,LKA,2021,2.439
Sub-Saharan Africa (WB),,2010,0.74696183
Sub-Saharan Africa (WB),,2021,1.1507852
Sudan,SDN,2004,1.092
Sudan,SDN,2006,1.1
Sudan,SDN,2007,1.042
Sudan,SDN,2008,1.012
Sudan,SDN,2014,1.231
Sudan,SDN,2015,0.84
Sudan,SDN,2018,1.14
Suriname,SUR,2000,1.436
Suriname,SUR,2004,5.053
Suriname,SUR,2009,2.967
Suriname,SUR,2013,2.229
Suriname,SUR,2014,1.977
Suriname,SUR,2015,2.028
Suriname,SUR,2016,1.899
Suriname,SUR,2017,1.872
Suriname,SUR,2018,2.675
Suriname,SUR,2019,3.803
Suriname,SUR,2021,2.954
Sweden,SWE,1990,13.34
Sweden,SWE,1991,13.71
Sweden,SWE,1992,14.13
Sweden,SWE,1993,14.52
Sweden,SWE,1994,14.92
Sweden,SWE,1995,10.07
Sweden,SWE,1996,10.05
Sweden,SWE,1997,9.96
Sweden,SWE,1998,10.15
Sweden,SWE,1999,10.26
Sweden,SWE,2000,10.32
Sweden,SWE,2001,10.48
Sweden,SWE,2002,10.69
Sweden,SWE,2003,10.8
Sweden,SWE,2004,11
Sweden,SWE,2005,11.18
Sweden,SWE,2006,11.33
Sweden,SWE,2007,11.46
Sweden,SWE,2008,11.5
Sweden,SWE,2009,11.53
Sweden,SWE,2010,11.61
Sweden,SWE,2011,11.62
Sweden,SWE,2012,11.65
Sweden,SWE,2013,11.66
Sweden,SWE,2014,11.65
Sweden,SWE,2015,11.67
Sweden,SWE,2016,11.67
Sweden,SWE,2017,11.67
Sweden,SWE,2018,11.66
Sweden,SWE,2019,11.64
Sweden,SWE,2020,11.41
Switzerland,CHE,2000,11.88
Switzerland,CHE,2001,11.91
Switzerland,CHE,2002,12.32
Switzerland,CHE,2003,12.86
Switzerland,CHE,2004,12.74
Switzerland,CHE,2005,12.93
Switzerland,CHE,2006,13.35
Switzerland,CHE,2007,13.61
Switzerland,CHE,2008,13.89
Switzerland,CHE,2009,14.17
Switzerland,CHE,2010,14.93
Switzerland,CHE,2011,15.46
Switzerland,CHE,2012,15.88
Switzerland,CHE,2013,16.22
Switzerland,CHE,2014,16.46
Switzerland,CHE,2015,16.89
Switzerland,CHE,2016,17.34
Switzerland,CHE,2017,17.54
Switzerland,CHE,2018,17.92
Switzerland,CHE,2019,18.29
Switzerland,CHE,2020,18.71
Switzerland,CHE,2021,18.76
Syria,SYR,1997,2.235
Syria,SYR,1998,2.334
Syria,SYR,1999,1.919
Syria,SYR,2000,1.967
Syria,SYR,2002,1.952
Syria,SYR,2003,1.83
Syria,SYR,2004,1.886
Syria,SYR,2005,1.862
Syria,SYR,2007,1.815
Syria,SYR,2008,1.773
Syria,SYR,2009,1.791
Syria,SYR,2010,1.793
Syria,SYR,2014,2.153
Syria,SYR,2016,1.419
Tajikistan,TJK,1990,5.842
Tajikistan,TJK,1991,6.044
Tajikistan,TJK,1992,5.739
Tajikistan,TJK,1993,5.661
Tajikistan,TJK,1994,5.407
Tajikistan,TJK,1995,4.889
Tajikistan,TJK,1996,4.798
Tajikistan,TJK,1997,4.726
Tajikistan,TJK,1998,4.357
Tajikistan,TJK,1999,4.312
Tajikistan,TJK,2000,4.144
Tajikistan,TJK,2001,3.84
Tajikistan,TJK,2002,3.792
Tajikistan,TJK,2003,3.495
Tajikistan,TJK,2004,3.455
Tajikistan,TJK,2005,3.394
Tajikistan,TJK,2006,3.44
Tajikistan,TJK,2007,3.461
Tajikistan,TJK,2008,3.501
Tajikistan,TJK,2009,3.547
Tajikistan,TJK,2010,3.902
Tajikistan,TJK,2011,4.011
Tajikistan,TJK,2012,4.351
Tajikistan,TJK,2013,4.43
Tajikistan,TJK,2014,4.712
Tajikistan,TJK,2015,4.653
Tajikistan,TJK,2016,4.97
Tajikistan,TJK,2017,5.093
Tajikistan,TJK,2018,5.218
Tajikistan,TJK,2019,5.225
Tajikistan,TJK,2020,5.372
Tanzania,TZA,2002,0.366
Tanzania,TZA,2006,0.233
Tanzania,TZA,2012,0.435
Tanzania,TZA,2014,0.424
Tanzania,TZA,2017,0.568
Tanzania,TZA,2018,0.55
Thailand,THA,1991,0.725
Thailand,THA,1993,0.808
Thailand,THA,1995,0.913
Thailand,THA,1997,0.924
Thailand,THA,1998,1.032
Thailand,THA,1999,1.089
Thailand,THA,2001,1.226
Thailand,THA,2002,1.319
Thailand,THA,2004,1.481
Thailand,THA,2006,1.533
Thailand,THA,2007,1.514
Thailand,THA,2008,1.565
Thailand,THA,2009,1.619
Thailand,THA,2010,2.032
Thailand,THA,2015,2.315
Thailand,THA,2016,2.708
Thailand,THA,2017,2.887
Thailand,THA,2018,2.693
Thailand,THA,2019,3.078
Togo,TGO,2004,0.348
Togo,TGO,2007,0.409
Togo,TGO,2008,0.292
Togo,TGO,2015,0.296
Togo,TGO,2016,0.311
Togo,TGO,2017,0.412
Togo,TGO,2018,0.402
Togo,TGO,2019,0.455
Togo,TGO,2020,0.497
Togo,TGO,2021,0.397
Togo,TGO,2022,0.508
Tonga,TON,2001,3.304
Tonga,TON,2002,3.372
Tonga,TON,2008,3.405
Tonga,TON,2009,3.529
Tonga,TON,2010,3.724
Tonga,TON,2013,3.81
Tonga,TON,2018,3.916
Tonga,TON,2019,4.314
Tonga,TON,2020,4.558
Tonga,TON,2021,4.179
Trinidad and Tobago,TTO,1995,2.858
Trinidad and Tobago,TTO,1996,2.171
Trinidad and Tobago,TTO,1997,2.193
Trinidad and Tobago,TTO,1998,2.602
Trinidad and Tobago,TTO,1999,2.75
Trinidad and Tobago,TTO,2000,2.473
Trinidad and Tobago,TTO,2001,2.639
Trinidad and Tobago,TTO,2002,2.834
Trinidad and Tobago,TTO,2003,2.941
Trinidad and Tobago,TTO,2006,3.362
Trinidad and Tobago,TTO,2007,3.377
Trinidad and Tobago,TTO,2009,3.273
Trinidad and Tobago,TTO,2010,2.769
Trinidad and Tobago,TTO,2011,3.084
Trinidad and Tobago,TTO,2015,3.269
Trinidad and Tobago,TTO,2016,3.998
Trinidad and Tobago,TTO,2017,5.315
Trinidad and Tobago,TTO,2018,3.825
Trinidad and Tobago,TTO,2019,3.734
Tunisia,TUN,2003,2.028
Tunisia,TUN,2004,2.773
Tunisia,TUN,2008,2.122
Tunisia,TUN,2009,2.101
Tunisia,TUN,2010,2.188
Tunisia,TUN,2014,2.566
Tunisia,TUN,2015,2.583
Tunisia,TUN,2016,2.571
Tunisia,TUN,2017,2.433
Tunisia,TUN,2019,2.082
Tunisia,TUN,2020,2.042
Tunisia,TUN,2021,2.123
Turkey,TUR,1993,1.577
Turkey,TUR,1994,1.576
Turkey,TUR,1995,1.715
Turkey,TUR,1996,1.681
Turkey,TUR,1997,1.721
Turkey,TUR,1998,1.744
Turkey,TUR,1999,1.737
Turkey,TUR,2000,1.734
Turkey,TUR,2001,1.757
Turkey,TUR,2002,1.726
Turkey,TUR,2003,1.737
Turkey,TUR,2004,1.755
Turkey,TUR,2005,1.772
Turkey,TUR,2006,1.826
Turkey,TUR,2007,2.013
Turkey,TUR,2008,2.069
Turkey,TUR,2009,2.14
Turkey,TUR,2010,2.256
Turkey,TUR,2011,2.385
Turkey,TUR,2012,2.502
Turkey,TUR,2013,2.52
Turkey,TUR,2014,2.5
Turkey,TUR,2015,2.585
Turkey,TUR,2016,2.535
Turkey,TUR,2017,2.679
Turkey,TUR,2018,2.981
Turkey,TUR,2019,3.044
Turkey,TUR,2020,3.403
Turkey,TUR,2021,3.425
Turkmenistan,TKM,2000,7.919
Turkmenistan,TKM,2001,7.843
Turkmenistan,TKM,2002,6.655
Turkmenistan,TKM,2003,7.054
Turkmenistan,TKM,2004,5.107
Turkmenistan,TKM,2005,4.814
Turkmenistan,TKM,2006,4.648
Turkmenistan,TKM,2007,4.462
Turkmenistan,TKM,2008,4.395
Turkmenistan,TKM,2009,4.353
Turkmenistan,TKM,2010,4.359
Turkmenistan,TKM,2011,4.356
Turkmenistan,TKM,2012,4.339
Turkmenistan,TKM,2013,4.29
Turkmenistan,TKM,2014,4.273
Turkmenistan,TKM,2015,4.266
Turkmenistan,TKM,2016,4.228
Turkmenistan,TKM,2017,4.206
Turkmenistan,TKM,2018,4.148
Turkmenistan,TKM,2019,4.077
Turkmenistan,TKM,2020,3.991
Turkmenistan,TKM,2021,3.916
Tuvalu,TUV,2002,4.063
Tuvalu,TUV,2003,5.155
Tuvalu,TUV,2008,6.214
Tuvalu,TUV,2014,3.762
Tuvalu,TUV,2018,4.495
Tuvalu,TUV,2020,3.694
Uganda,UGA,2004,0.699
Uganda,UGA,2005,1.346
Uganda,UGA,2012,1.191
Uganda,UGA,2013,1.337
Uganda,UGA,2014,1.249
Uganda,UGA,2015,1.588
Uganda,UGA,2016,1.678
Uganda,UGA,2017,1.507
Uganda,UGA,2018,1.274
Uganda,UGA,2020,1.686
Uganda,UGA,2022,2.268
Ukraine,UKR,2000,6.59
Ukraine,UKR,2001,6.571
Ukraine,UKR,2002,6.56
Ukraine,UKR,2003,6.577
Ukraine,UKR,2004,6.594
Ukraine,UKR,2005,6.638
Ukraine,UKR,2006,6.652
Ukraine,UKR,2007,6.654
Ukraine,UKR,2008,6.622
Ukraine,UKR,2009,7.562
Ukraine,UKR,2010,7.49
Ukraine,UKR,2011,7.488
Ukraine,UKR,2012,7.521
Ukraine,UKR,2013,7.567
Ukraine,UKR,2014,6.656
United Arab Emirates,ARE,1990,2.725
United Arab Emirates,ARE,1991,3.696
United Arab Emirates,ARE,1992,3.882
United Arab Emirates,ARE,1993,3.724
United Arab Emirates,ARE,1994,3.652
United Arab Emirates,ARE,1995,3.553
United Arab Emirates,ARE,1996,3.518
United Arab Emirates,ARE,1997,3.454
United Arab Emirates,ARE,1998,4.207
United Arab Emirates,ARE,1999,3.486
United Arab Emirates,ARE,2000,3.254
United Arab Emirates,ARE,2001,3.555
United Arab Emirates,ARE,2002,3.636
United Arab Emirates,ARE,2003,3.85
United Arab Emirates,ARE,2004,3.415
United Arab Emirates,ARE,2005,3.215
United Arab Emirates,ARE,2006,3.029
United Arab Emirates,ARE,2007,3.131
United Arab Emirates,ARE,2008,2.859
United Arab Emirates,ARE,2009,2.897
United Arab Emirates,ARE,2010,2.674
United Arab Emirates,ARE,2011,2.98
United Arab Emirates,ARE,2012,3.175
United Arab Emirates,ARE,2013,3.511
United Arab Emirates,ARE,2014,4.128
United Arab Emirates,ARE,2015,5.176
United Arab Emirates,ARE,2016,5.757
United Arab Emirates,ARE,2017,5.945
United Arab Emirates,ARE,2018,6.035
United Arab Emirates,ARE,2019,6.095
United Arab Emirates,ARE,2020,6.357
United Arab Emirates,ARE,2021,6.385
United Kingdom,GBR,2000,8.607
United Kingdom,GBR,2001,8.818
United Kingdom,GBR,2002,9.121
United Kingdom,GBR,2003,9.361
United Kingdom,GBR,2004,9.511
United Kingdom,GBR,2005,9.634
United Kingdom,GBR,2006,9.482
United Kingdom,GBR,2007,9.146
United Kingdom,GBR,2008,9.165
United Kingdom,GBR,2009,8.995
United Kingdom,GBR,2010,8.893
United Kingdom,GBR,2011,8.682
United Kingdom,GBR,2012,8.415
United Kingdom,GBR,2013,8.407
United Kingdom,GBR,2014,8.406
United Kingdom,GBR,2015,8.38
United Kingdom,GBR,2016,8.356
United Kingdom,GBR,2017,8.307
United Kingdom,GBR,2018,8.538
United Kingdom,GBR,2019,8.688
United Kingdom,GBR,2020,8.962
United Kingdom,GBR,2021,9.167
United Kingdom,GBR,2022,9.151
United States,USA,1990,10.62
United States,USA,1991,10.88
United States,USA,1992,10.93
United States,USA,1993,11.06
United States,USA,1994,11.27
United States,USA,1995,7.964
United States,USA,1996,11.32
United States,USA,1997,11.17
United States,USA,1998,11.24
United States,USA,1999,10.37
United States,USA,2000,10.16
United States,USA,2001,10.16
United States,USA,2002,10.17
United States,USA,2003,10.06
United States,USA,2004,10.26
United States,USA,2005,10.37
United States,USA,2006,10.47
United States,USA,2007,10.53
United States,USA,2008,10.71
United States,USA,2009,10.74
United States,USA,2010,10.88
United States,USA,2011,11
United States,USA,2012,11.05
United States,USA,2013,11.03
United States,USA,2014,11.1
United States,USA,2015,11.22
United States,USA,2016,11.53
United States,USA,2017,14.37
United States,USA,2018,15.45
United States,USA,2019,13.16
United States,USA,2020,12.47
United States,USA,2021,13.15
United States,USA,2022,11.88
Upper-middle-income countries,,1990,1.0928316
Upper-middle-income countries,,2000,1.7155178
Upper-middle-income countries,,2010,1.9964916
Upper-middle-income countries,,2021,3.5604892
Uruguay,URY,2002,0.871
Uruguay,URY,2006,2.994
Uruguay,URY,2008,5.874
Uruguay,URY,2018,10.06
Uruguay,URY,2019,10.76
Uruguay,URY,2021,7.206
Uruguay,URY,2022,7.317
Uzbekistan,UZB,1990,11.37
Uzbekistan,UZB,1991,11.77
Uzbekistan,UZB,1992,11.8
Uzbekistan,UZB,1993,11.76
Uzbekistan,UZB,1994,10.21
Uzbekistan,UZB,1995,10.48
Uzbekistan,UZB,1996,10.89
Uzbekistan,UZB,1997,10.98
Uzbekistan,UZB,1998,10.82
Uzbekistan,UZB,1999,10.84
Uzbekistan,UZB,2000,10.83
Uzbekistan,UZB,2001,10.82
Uzbekistan,UZB,2002,10.78
Uzbekistan,UZB,2003,10.71
Uzbekistan,UZB,2004,10.63
Uzbekistan,UZB,2005,10.92
Uzbekistan,UZB,2006,10.74
Uzbekistan,UZB,2007,10.83
Uzbekistan,UZB,2008,11.09
Uzbekistan,UZB,2009,11.13
Uzbekistan,UZB,2010,11.34
Uzbekistan,UZB,2011,11.39
Uzbekistan,UZB,2012,11.38
Uzbekistan,UZB,2013,11.31
Uzbekistan,UZB,2014,11.27
Uzbekistan,UZB,2018,5.708
Uzbekistan,UZB,2019,5.515
Uzbekistan,UZB,2020,5.756
Vanuatu,VUT,1997,2.392
Vanuatu,VUT,2004,1.695
Vanuatu,VUT,2007,1.507
Vanuatu,VUT,2008,1.624
Vanuatu,VUT,2012,1.784
Vanuatu,VUT,2018,1.403
Vanuatu,VUT,2019,1.4
Venezuela,VEN,1997,0.652
Venezuela,VEN,2001,1.125
Venezuela,VEN,2017,1.934
Venezuela,VEN,2018,2.001
Vietnam,VNM,2001,0.742
Vietnam,VNM,2002,0.767
Vietnam,VNM,2005,0.838
Vietnam,VNM,2006,0.887
Vietnam,VNM,2007,0.957
Vietnam,VNM,2008,1.028
Vietnam,VNM,2009,1.116
Vietnam,VNM,2010,1.241
Vietnam,VNM,2012,1.461
Vietnam,VNM,2014,1.437
Vietnam,VNM,2015,1.43
Vietnam,VNM,2016,1.454
World,OWID_WRL,2000,3.1196575
World,OWID_WRL,2010,3.464464
World,OWID_WRL,2021,3.697213
Yemen,YEM,1997,0.387
Yemen,YEM,2004,0.663
Yemen,YEM,2010,0.671
Yemen,YEM,2013,0.806
Yemen,YEM,2014,0.818
Yemen,YEM,2015,0.673
Yemen,YEM,2016,0.695
Yemen,YEM,2017,0.712
Yemen,YEM,2018,0.727
Zambia,ZMB,2005,0.724
Zambia,ZMB,2006,0.699
Zambia,ZMB,2008,0.707
Zambia,ZMB,2009,0.713
Zambia,ZMB,2010,0.72
Zambia,ZMB,2017,0.907
Zambia,ZMB,2018,1.283
Zambia,ZMB,2019,1.429
Zambia,ZMB,2020,1.637
Zambia,ZMB,2021,1.864
Zambia,ZMB,2022,2.147
Zimbabwe,ZWE,1990,1.5
Zimbabwe,ZWE,1995,1.585
Zimbabwe,ZWE,2009,0.938
Zimbabwe,ZWE,2010,0.82
Zimbabwe,ZWE,2011,1.307
Zimbabwe,ZWE,2012,1.171
Zimbabwe,ZWE,2013,1.381
Zimbabwe,ZWE,2014,1.507
Zimbabwe,ZWE,2015,1.349
Zimbabwe,ZWE,2016,1.359
Zimbabwe,ZWE,2017,2.507
Zimbabwe,ZWE,2018,1.852
Zimbabwe,ZWE,2020,2.029
Zimbabwe,ZWE,2022,2.143